id	naam	provincie	gemeente	is_vastgesteld	is_beschermd	datering	gebeurtenissen	disciplines	dataverantwoordelijke
99018	Nautil	Onbepaald	Onbepaald	False	False	interbellum	Inventarisatie varend erfgoed fase I	Varend	Agentschap Onroerend Erfgoed
99063	P904 Sambre	Onbepaald	Onbepaald	True	False	na WO II	Inventarisatie varend erfgoed fase I	Varend	Agentschap Onroerend Erfgoed
99087	SeaSens	Onbepaald	Onbepaald	True	False	interbellum	Inventarisatie varend erfgoed fase I	Varend	Agentschap Onroerend Erfgoed
99091	Avila	Onbepaald	Onbepaald	True	False	na WO II	Inventarisatie varend erfgoed fase I	Varend	Agentschap Onroerend Erfgoed
99104	Mattheus	Onbepaald	Onbepaald	True	False	interbellum	Inventarisatie varend erfgoed fase I	Varend	Agentschap Onroerend Erfgoed
99105	Maaike	Onbepaald	Onbepaald	False	False	voor WO I	Inventarisatie varend erfgoed fase I	Varend	Agentschap Onroerend Erfgoed
99107	Willebroek	Onbepaald	Onbepaald	False	False	na WO II	Inventarisatie varend erfgoed fase I	Varend	Agentschap Onroerend Erfgoed
99166	L'Enfant Gâté	Onbepaald	Onbepaald	False	False	na WO II	Inventarisatie varend erfgoed fase I	Varend	Agentschap Onroerend Erfgoed
307863	Picora	Onbepaald	Onbepaald	False	False	voor WO I	Onderzoeksproject sleep- en werkschepen	Varend	Agentschap Onroerend Erfgoed
99187	Motorspits Esmeralda	<http://data.lblod.info/id/werkingsgebieden/a9a0cabd376a2b3a8eb838f15f6aeb1b63ffe49d527598994962e0d15ad2081c>	<http://data.lblod.info/id/bestuurseenheden/974816591f269bb7d74aa1720922651529f3d3b2a787f5c60b73e5a0384950a4>	True	True	WO II	Ad hoc beschermingen 2022, Inventarisatie varend erfgoed fase I	Varend	Agentschap Onroerend Erfgoed
84	Heilige Geestkapel	<http://data.lblod.info/id/werkingsgebieden/a9a0cabd376a2b3a8eb838f15f6aeb1b63ffe49d527598994962e0d15ad2081c>	<http://data.lblod.info/id/bestuurseenheden/974816591f269bb7d74aa1720922651529f3d3b2a787f5c60b73e5a0384950a4>	True	True	derde kwart 15de eeuw, voor WO I	Actualisatie inventaris bouwkundig erfgoed, Inventarisatie bouwkundig erfgoed Aalst, Project beschermingsdatabank 2013-2016	Bouwkundig	Agentschap Onroerend Erfgoed
135205	Honegem - Solegem	<http://data.lblod.info/id/werkingsgebieden/a9a0cabd376a2b3a8eb838f15f6aeb1b63ffe49d527598994962e0d15ad2081c>	<http://data.lblod.info/id/bestuurseenheden/974816591f269bb7d74aa1720922651529f3d3b2a787f5c60b73e5a0384950a4>	False	True	19de eeuw, tweede helft 18de eeuw	Inventarisatie ankerplaatsen Landschapsatlas 2001, Project beschermingsdatabank 2013-2016	Landschappelijk	Agentschap Onroerend Erfgoed
135392	Kluisbos, Faluintjes en Abdij van Affligem	<http://data.lblod.info/id/werkingsgebieden/a9a0cabd376a2b3a8eb838f15f6aeb1b63ffe49d527598994962e0d15ad2081c>	<http://data.lblod.info/id/bestuurseenheden/974816591f269bb7d74aa1720922651529f3d3b2a787f5c60b73e5a0384950a4>	True	True          Onbepaald	Aanduiding ankerplaatsen 2006-2014, Integreren informatie beschermingen landschap in erfgoedobjecten, Inventarisatie ankerplaatsen Landschapsatlas 2001	Landschappelijk	Agentschap Onroerend Erfgoed
140017	Historische stadskern van Aalst	<http://data.lblod.info/id/werkingsgebieden/a9a0cabd376a2b3a8eb838f15f6aeb1b63ffe49d527598994962e0d15ad2081c>	<http://data.lblod.info/id/bestuurseenheden/974816591f269bb7d74aa1720922651529f3d3b2a787f5c60b73e5a0384950a4>	True	False	middeleeuwen, nieuwe tijd	AZ-project historische stadskernen	Archeologisch	Agentschap Onroerend Erfgoed
301912	Opgaande zilverlinde in stadstuin	<http://data.lblod.info/id/werkingsgebieden/a9a0cabd376a2b3a8eb838f15f6aeb1b63ffe49d527598994962e0d15ad2081c>	<http://data.lblod.info/id/bestuurseenheden/974816591f269bb7d74aa1720922651529f3d3b2a787f5c60b73e5a0384950a4>	False	False         Onbepaald	Ad hoc-inventarisatie landschappelijk erfgoed 2015	Landschappelijk	Agentschap Onroerend Erfgoed
135121	Kravaalbos en omgeving	<http://data.lblod.info/id/werkingsgebieden/a9a0cabd376a2b3a8eb838f15f6aeb1b63ffe49d527598994962e0d15ad2081c>	<http://data.lblod.info/id/bestuurseenheden/974816591f269bb7d74aa1720922651529f3d3b2a787f5c60b73e5a0384950a4>	False	True	middeleeuwen	Inventarisatie ankerplaatsen Landschapsatlas 2001, Project beschermingsdatabank 2013-2016	Landschappelijk	Agentschap Onroerend Erfgoed
300522	Geknotte zomereik als hoekboom	<http://data.lblod.info/id/werkingsgebieden/a9a0cabd376a2b3a8eb838f15f6aeb1b63ffe49d527598994962e0d15ad2081c>	<http://data.lblod.info/id/bestuurseenheden/974816591f269bb7d74aa1720922651529f3d3b2a787f5c60b73e5a0384950a4>	False	False	Onbepaald	Project beschermingsdatabank 2013-2016	Landschappelijk	Agentschap Onroerend Erfgoed
135123	Welle- en Kapellemeersen	<http://data.lblod.info/id/werkingsgebieden/a9a0cabd376a2b3a8eb838f15f6aeb1b63ffe49d527598994962e0d15ad2081c>	<http://data.lblod.info/id/bestuurseenheden/974816591f269bb7d74aa1720922651529f3d3b2a787f5c60b73e5a0384950a4>	True	True	Onbepaald	Inventarisatie ankerplaatsen Landschapsatlas 2001, Inventarisatie Dendervallei tussen Ninove en Geraardsbergen, Project beschermingsdatabank 2013-2016	Landschappelijk	Agentschap Onroerend Erfgoed
306461	Kapelboom in populierenbos	<http://data.lblod.info/id/werkingsgebieden/a9a0cabd376a2b3a8eb838f15f6aeb1b63ffe49d527598994962e0d15ad2081c>	<http://data.lblod.info/id/bestuurseenheden/974816591f269bb7d74aa1720922651529f3d3b2a787f5c60b73e5a0384950a4>	True	False	Onbepaald	Inventarisatie Dendervallei tussen Ninove en Geraardsbergen	Landschappelijk	Agentschap Onroerend Erfgoed
135206	Bellebroek en Dendermeersen tussen Oudegem en Wieze	<http://data.lblod.info/id/werkingsgebieden/a9a0cabd376a2b3a8eb838f15f6aeb1b63ffe49d527598994962e0d15ad2081c>	<http://data.lblod.info/id/bestuurseenheden/974816591f269bb7d74aa1720922651529f3d3b2a787f5c60b73e5a0384950a4>	True	True	Onbepaald	Inventarisatie ankerplaatsen Landschapsatlas 2001, Inventarisatie Dendervallei tussen Ninove en Geraardsbergen	Landschappelijk	Agentschap Onroerend Erfgoed
306454	Afgesneden Dendermeanders	<http://data.lblod.info/id/werkingsgebieden/a9a0cabd376a2b3a8eb838f15f6aeb1b63ffe49d527598994962e0d15ad2081c>	<http://data.lblod.info/id/bestuurseenheden/974816591f269bb7d74aa1720922651529f3d3b2a787f5c60b73e5a0384950a4>	True	False	Onbepaald	Inventarisatie Dendervallei tussen Ninove en Geraardsbergen	Landschappelijk	Agentschap Onroerend Erfgoed
306455	Dorpswegel	<http://data.lblod.info/id/werkingsgebieden/a9a0cabd376a2b3a8eb838f15f6aeb1b63ffe49d527598994962e0d15ad2081c>	<http://data.lblod.info/id/bestuurseenheden/974816591f269bb7d74aa1720922651529f3d3b2a787f5c60b73e5a0384950a4>	True	False         Onbepaald	Inventarisatie Dendervallei tussen Ninove en Geraardsbergen	Landschappelijk	Agentschap Onroerend Erfgoed
76439	Gesloten hoeve	<http://data.lblod.info/id/werkingsgebieden/a9a0cabd376a2b3a8eb838f15f6aeb1b63ffe49d527598994962e0d15ad2081c>	<http://data.lblod.info/id/bestuurseenheden/974816591f269bb7d74aa1720922651529f3d3b2a787f5c60b73e5a0384950a4>	False	False	vierde kwart 19de eeuw	Inventarisatie bouwkundig erfgoed Aalst	Bouwkundig	Agentschap Onroerend Erfgoed
301846	Opgaande es als hoekboom bij gewezen moestuin	<http://data.lblod.info/id/werkingsgebieden/a9a0cabd376a2b3a8eb838f15f6aeb1b63ffe49d527598994962e0d15ad2081c>	<http://data.lblod.info/id/bestuurseenheden/974816591f269bb7d74aa1720922651529f3d3b2a787f5c60b73e5a0384950a4>	False	False	Onbepaald	Ad hoc-inventarisatie landschappelijk erfgoed 2015	Landschappelijk	Agentschap Onroerend Erfgoed
130032	Gekandelaarde rij zwarte populieren Achtermaal Maleveld	<http://data.lblod.info/id/werkingsgebieden/a9a0cabd376a2b3a8eb838f15f6aeb1b63ffe49d527598994962e0d15ad2081c>	<http://data.lblod.info/id/bestuurseenheden/974816591f269bb7d74aa1720922651529f3d3b2a787f5c60b73e5a0384950a4>	False	True	Onbepaald	Inventarisatie houtige beplantingen 2005-2013	Landschappelijk	Agentschap Onroerend Erfgoed
130035	Solitaire gekandelaarde zwarte populier Achtermaal Maleveld	<http://data.lblod.info/id/werkingsgebieden/a9a0cabd376a2b3a8eb838f15f6aeb1b63ffe49d527598994962e0d15ad2081c>	<http://data.lblod.info/id/bestuurseenheden/974816591f269bb7d74aa1720922651529f3d3b2a787f5c60b73e5a0384950a4>	False	False	Onbepaald	Inventarisatie houtige beplantingen 2005-2013	Landschappelijk	Agentschap Onroerend Erfgoed
130036	Gekandelaarde winterlinde als kapel- en hoekboom	<http://data.lblod.info/id/werkingsgebieden/a9a0cabd376a2b3a8eb838f15f6aeb1b63ffe49d527598994962e0d15ad2081c>	<http://data.lblod.info/id/bestuurseenheden/974816591f269bb7d74aa1720922651529f3d3b2a787f5c60b73e5a0384950a4>	False	True	Onbepaald	Inventarisatie houtige beplantingen 2005-2013	Landschappelijk	Agentschap Onroerend Erfgoed
130037	Opgaande Canadapopulier als hoekboom	<http://data.lblod.info/id/werkingsgebieden/a9a0cabd376a2b3a8eb838f15f6aeb1b63ffe49d527598994962e0d15ad2081c>	<http://data.lblod.info/id/bestuurseenheden/974816591f269bb7d74aa1720922651529f3d3b2a787f5c60b73e5a0384950a4>	False	True	Onbepaald	Inventarisatie houtige beplantingen 2005-2013	Landschappelijk	Agentschap Onroerend Erfgoed
130038	Haagbeuken kaphaag	<http://data.lblod.info/id/werkingsgebieden/a9a0cabd376a2b3a8eb838f15f6aeb1b63ffe49d527598994962e0d15ad2081c>	<http://data.lblod.info/id/bestuurseenheden/974816591f269bb7d74aa1720922651529f3d3b2a787f5c60b73e5a0384950a4>	False	True	Onbepaald	Inventarisatie houtige beplantingen 2005-2013	Landschappelijk	Agentschap Onroerend Erfgoed
130199	Opgaande schietwilg als hoekboom	<http://data.lblod.info/id/werkingsgebieden/a9a0cabd376a2b3a8eb838f15f6aeb1b63ffe49d527598994962e0d15ad2081c>	<http://data.lblod.info/id/bestuurseenheden/974816591f269bb7d74aa1720922651529f3d3b2a787f5c60b73e5a0384950a4>	False	True	Onbepaald	Inventarisatie houtige beplantingen 2005-2013	Landschappelijk	Agentschap Onroerend Erfgoed
130200	Opgaande Canadapopulier als hoekboom	<http://data.lblod.info/id/werkingsgebieden/a9a0cabd376a2b3a8eb838f15f6aeb1b63ffe49d527598994962e0d15ad2081c>	<http://data.lblod.info/id/bestuurseenheden/974816591f269bb7d74aa1720922651529f3d3b2a787f5c60b73e5a0384950a4>	False	True	Onbepaald	Inventarisatie houtige beplantingen 2005-2013	Landschappelijk	Agentschap Onroerend Erfgoed
130391	Opgaande grauwe abeel	<http://data.lblod.info/id/werkingsgebieden/a9a0cabd376a2b3a8eb838f15f6aeb1b63ffe49d527598994962e0d15ad2081c>	<http://data.lblod.info/id/bestuurseenheden/974816591f269bb7d74aa1720922651529f3d3b2a787f5c60b73e5a0384950a4>	False	False         Onbepaald	Inventarisatie houtige beplantingen 2005-2013	Landschappelijk	Agentschap Onroerend Erfgoed
492	Villa bij jeneverstokerij	<http://data.lblod.info/id/werkingsgebieden/a9a0cabd376a2b3a8eb838f15f6aeb1b63ffe49d527598994962e0d15ad2081c>	<http://data.lblod.info/id/bestuurseenheden/974816591f269bb7d74aa1720922651529f3d3b2a787f5c60b73e5a0384950a4>	True	False	voor WO I	Inventarisatie bouwkundig erfgoed Aalst	Bouwkundig	Agentschap Onroerend Erfgoed
130348	Opgaande winterlinde als welkomstboom	<http://data.lblod.info/id/werkingsgebieden/a9a0cabd376a2b3a8eb838f15f6aeb1b63ffe49d527598994962e0d15ad2081c>	<http://data.lblod.info/id/bestuurseenheden/974816591f269bb7d74aa1720922651529f3d3b2a787f5c60b73e5a0384950a4>	False	False         Onbepaald	Inventarisatie houtige beplantingen 2005-2013	Landschappelijk	Agentschap Onroerend Erfgoed
132131	Op stam gezette gele kornoelje	<http://data.lblod.info/id/werkingsgebieden/a9a0cabd376a2b3a8eb838f15f6aeb1b63ffe49d527598994962e0d15ad2081c>	<http://data.lblod.info/id/bestuurseenheden/974816591f269bb7d74aa1720922651529f3d3b2a787f5c60b73e5a0384950a4>	False	False	Onbepaald	Inventarisatie houtige beplantingen 2005-2013	Landschappelijk	Agentschap Onroerend Erfgoed
491	Gesloten hoeve	<http://data.lblod.info/id/werkingsgebieden/a9a0cabd376a2b3a8eb838f15f6aeb1b63ffe49d527598994962e0d15ad2081c>	<http://data.lblod.info/id/bestuurseenheden/974816591f269bb7d74aa1720922651529f3d3b2a787f5c60b73e5a0384950a4>	False	False	19de eeuw	Inventarisatie bouwkundig erfgoed Aalst	Bouwkundig	Agentschap Onroerend Erfgoed
2	Eclectische herenhuizen	<http://data.lblod.info/id/werkingsgebieden/a9a0cabd376a2b3a8eb838f15f6aeb1b63ffe49d527598994962e0d15ad2081c>	<http://data.lblod.info/id/bestuurseenheden/974816591f269bb7d74aa1720922651529f3d3b2a787f5c60b73e5a0384950a4>	False	False	derde kwart 19de eeuw	Inventarisatie bouwkundig erfgoed Aalst	Bouwkundig	Agentschap Onroerend Erfgoed
4	Rij burgerhuizen	<http://data.lblod.info/id/werkingsgebieden/a9a0cabd376a2b3a8eb838f15f6aeb1b63ffe49d527598994962e0d15ad2081c>	<http://data.lblod.info/id/bestuurseenheden/974816591f269bb7d74aa1720922651529f3d3b2a787f5c60b73e5a0384950a4>	True	False	vierde kwart 19de eeuw	Inventarisatie bouwkundig erfgoed Aalst	Bouwkundig	Agentschap Onroerend Erfgoed
373	Sacristie en kerkhof van de gesloopte Onze-Lieve-Vrouw Hemelvaartkerk	<http://data.lblod.info/id/werkingsgebieden/a9a0cabd376a2b3a8eb838f15f6aeb1b63ffe49d527598994962e0d15ad2081c>	<http://data.lblod.info/id/bestuurseenheden/974816591f269bb7d74aa1720922651529f3d3b2a787f5c60b73e5a0384950a4>	True	True	vierde kwart 18de eeuw, vierde kwart 20ste eeuw	Inventarisatie bouwkundig erfgoed Aalst, Project beschermingsdatabank 2013-2016	Bouwkundig	Agentschap Onroerend Erfgoed
374	Grafkapel van de familie Van Assche	<http://data.lblod.info/id/werkingsgebieden/a9a0cabd376a2b3a8eb838f15f6aeb1b63ffe49d527598994962e0d15ad2081c>	<http://data.lblod.info/id/bestuurseenheden/974816591f269bb7d74aa1720922651529f3d3b2a787f5c60b73e5a0384950a4>	False	False	eerste kwart 19de eeuw	Inventarisatie bouwkundig erfgoed Aalst	Bouwkundig	Agentschap Onroerend Erfgoed
376	Boerenwoning van 1765	<http://data.lblod.info/id/werkingsgebieden/a9a0cabd376a2b3a8eb838f15f6aeb1b63ffe49d527598994962e0d15ad2081c>	<http://data.lblod.info/id/bestuurseenheden/974816591f269bb7d74aa1720922651529f3d3b2a787f5c60b73e5a0384950a4>	False	False	19de eeuw, 20ste eeuw, derde kwart 18de eeuw	Inventarisatie bouwkundig erfgoed Aalst	Bouwkundig	Agentschap Onroerend Erfgoed
375	Hoeve met losse bestanddelen	<http://data.lblod.info/id/werkingsgebieden/a9a0cabd376a2b3a8eb838f15f6aeb1b63ffe49d527598994962e0d15ad2081c>	<http://data.lblod.info/id/bestuurseenheden/974816591f269bb7d74aa1720922651529f3d3b2a787f5c60b73e5a0384950a4>	False	False	tweede helft 18de eeuw	Inventarisatie bouwkundig erfgoed Aalst	Bouwkundig	Agentschap Onroerend Erfgoed
377	Gesloten hoeve	<http://data.lblod.info/id/werkingsgebieden/a9a0cabd376a2b3a8eb838f15f6aeb1b63ffe49d527598994962e0d15ad2081c>	<http://data.lblod.info/id/bestuurseenheden/974816591f269bb7d74aa1720922651529f3d3b2a787f5c60b73e5a0384950a4>	False	False	tweede helft 18de eeuw	Inventarisatie bouwkundig erfgoed Aalst	Bouwkundig	Agentschap Onroerend Erfgoed
135233	Osbroek	<http://data.lblod.info/id/werkingsgebieden/a9a0cabd376a2b3a8eb838f15f6aeb1b63ffe49d527598994962e0d15ad2081c>	<http://data.lblod.info/id/bestuurseenheden/974816591f269bb7d74aa1720922651529f3d3b2a787f5c60b73e5a0384950a4>	False	True          Onbepaald	Inventarisatie ankerplaatsen Landschapsatlas 2001, Project beschermingsdatabank 2013-2016	Landschappelijk	Agentschap Onroerend Erfgoed
130406	Moerascipres Osbroekpark	<http://data.lblod.info/id/werkingsgebieden/a9a0cabd376a2b3a8eb838f15f6aeb1b63ffe49d527598994962e0d15ad2081c>	<http://data.lblod.info/id/bestuurseenheden/974816591f269bb7d74aa1720922651529f3d3b2a787f5c60b73e5a0384950a4>	False	False         Onbepaald	Ad hoc-inventarisatie landschappelijk erfgoed 2015, Inventarisatie houtige beplantingen 2005-2013	Landschappelijk	Agentschap Onroerend Erfgoed
105	Pakhuis	<http://data.lblod.info/id/werkingsgebieden/a9a0cabd376a2b3a8eb838f15f6aeb1b63ffe49d527598994962e0d15ad2081c>	<http://data.lblod.info/id/bestuurseenheden/974816591f269bb7d74aa1720922651529f3d3b2a787f5c60b73e5a0384950a4>	False	False	vierde kwart 19de eeuw	Inventarisatie bouwkundig erfgoed Aalst	Bouwkundig	Agentschap Onroerend Erfgoed
127179	Sociale woonwijk Oud Begijnhof	<http://data.lblod.info/id/werkingsgebieden/a9a0cabd376a2b3a8eb838f15f6aeb1b63ffe49d527598994962e0d15ad2081c>	<http://data.lblod.info/id/bestuurseenheden/974816591f269bb7d74aa1720922651529f3d3b2a787f5c60b73e5a0384950a4>	True	True	13de eeuw, interbellum, na WO II, tweede helft 19de eeuw	Inventarisatie bouwkundig erfgoed Aalst, Inventarisatie sociale woningbouw	Bouwkundig	Agentschap Onroerend Erfgoed
301021	Keizersplein met deel aanpalende bebouwing	<http://data.lblod.info/id/werkingsgebieden/a9a0cabd376a2b3a8eb838f15f6aeb1b63ffe49d527598994962e0d15ad2081c>	<http://data.lblod.info/id/bestuurseenheden/974816591f269bb7d74aa1720922651529f3d3b2a787f5c60b73e5a0384950a4>	True	True	19de eeuw, vierde kwart 18de eeuw	Project beschermingsdatabank 2013-2016	Bouwkundig	Agentschap Onroerend Erfgoed
5	Eclectisch hoekhuis	<http://data.lblod.info/id/werkingsgebieden/a9a0cabd376a2b3a8eb838f15f6aeb1b63ffe49d527598994962e0d15ad2081c>	<http://data.lblod.info/id/bestuurseenheden/974816591f269bb7d74aa1720922651529f3d3b2a787f5c60b73e5a0384950a4>	True	True	vierde kwart 19de eeuw, voor WO I	Inventarisatie bouwkundig erfgoed Aalst	Bouwkundig	Agentschap Onroerend Erfgoed
455	Langgestrekte hoeve	<http://data.lblod.info/id/werkingsgebieden/a9a0cabd376a2b3a8eb838f15f6aeb1b63ffe49d527598994962e0d15ad2081c>	<http://data.lblod.info/id/bestuurseenheden/974816591f269bb7d74aa1720922651529f3d3b2a787f5c60b73e5a0384950a4>	True	False	vierde kwart 19de eeuw	Inventarisatie bouwkundig erfgoed Aalst	Bouwkundig	Agentschap Onroerend Erfgoed
456	Dorpswoning	<http://data.lblod.info/id/werkingsgebieden/a9a0cabd376a2b3a8eb838f15f6aeb1b63ffe49d527598994962e0d15ad2081c>	<http://data.lblod.info/id/bestuurseenheden/974816591f269bb7d74aa1720922651529f3d3b2a787f5c60b73e5a0384950a4>	True	False	vierde kwart 19de eeuw	Inventarisatie bouwkundig erfgoed Aalst	Bouwkundig	Agentschap Onroerend Erfgoed
309	Sint-Margrietommegang	<http://data.lblod.info/id/werkingsgebieden/a9a0cabd376a2b3a8eb838f15f6aeb1b63ffe49d527598994962e0d15ad2081c>	<http://data.lblod.info/id/bestuurseenheden/974816591f269bb7d74aa1720922651529f3d3b2a787f5c60b73e5a0384950a4>	True	False	derde kwart 19de eeuw, tweede kwart 19de eeuw	Inventarisatie bouwkundig erfgoed Aalst	Bouwkundig	Agentschap Onroerend Erfgoed
310	Boerenwoning	<http://data.lblod.info/id/werkingsgebieden/a9a0cabd376a2b3a8eb838f15f6aeb1b63ffe49d527598994962e0d15ad2081c>	<http://data.lblod.info/id/bestuurseenheden/974816591f269bb7d74aa1720922651529f3d3b2a787f5c60b73e5a0384950a4>	False	False	tweede helft 19de eeuw	Inventarisatie bouwkundig erfgoed Aalst	Bouwkundig	Agentschap Onroerend Erfgoed
311	Gesloten hoeve	<http://data.lblod.info/id/werkingsgebieden/a9a0cabd376a2b3a8eb838f15f6aeb1b63ffe49d527598994962e0d15ad2081c>	<http://data.lblod.info/id/bestuurseenheden/974816591f269bb7d74aa1720922651529f3d3b2a787f5c60b73e5a0384950a4>	True	False	derde kwart 19de eeuw	Inventarisatie bouwkundig erfgoed Aalst	Bouwkundig	Agentschap Onroerend Erfgoed
312	Gesloten hoeve	<http://data.lblod.info/id/werkingsgebieden/a9a0cabd376a2b3a8eb838f15f6aeb1b63ffe49d527598994962e0d15ad2081c>	<http://data.lblod.info/id/bestuurseenheden/974816591f269bb7d74aa1720922651529f3d3b2a787f5c60b73e5a0384950a4>	False	False	derde kwart 19de eeuw	Inventarisatie bouwkundig erfgoed Aalst	Bouwkundig	Agentschap Onroerend Erfgoed
313	Burgerhuis	<http://data.lblod.info/id/werkingsgebieden/a9a0cabd376a2b3a8eb838f15f6aeb1b63ffe49d527598994962e0d15ad2081c>	<http://data.lblod.info/id/bestuurseenheden/974816591f269bb7d74aa1720922651529f3d3b2a787f5c60b73e5a0384950a4>	False	False	derde kwart 19de eeuw, tweede kwart 19de eeuw	Inventarisatie bouwkundig erfgoed Aalst	Bouwkundig	Agentschap Onroerend Erfgoed
314	Semi-gesloten hoeve	<http://data.lblod.info/id/werkingsgebieden/a9a0cabd376a2b3a8eb838f15f6aeb1b63ffe49d527598994962e0d15ad2081c>	<http://data.lblod.info/id/bestuurseenheden/974816591f269bb7d74aa1720922651529f3d3b2a787f5c60b73e5a0384950a4>	False	False	19de eeuw, derde kwart 18de eeuw	Inventarisatie bouwkundig erfgoed Aalst	Bouwkundig	Agentschap Onroerend Erfgoed
315	Gasthof Vonck	<http://data.lblod.info/id/werkingsgebieden/a9a0cabd376a2b3a8eb838f15f6aeb1b63ffe49d527598994962e0d15ad2081c>	<http://data.lblod.info/id/bestuurseenheden/974816591f269bb7d74aa1720922651529f3d3b2a787f5c60b73e5a0384950a4>	False	False         Onbepaald	Inventarisatie bouwkundig erfgoed Aalst	Bouwkundig	Agentschap Onroerend Erfgoed
308	Parochiekerk Sint-Margaretha met kerkhof	<http://data.lblod.info/id/werkingsgebieden/a9a0cabd376a2b3a8eb838f15f6aeb1b63ffe49d527598994962e0d15ad2081c>	<http://data.lblod.info/id/bestuurseenheden/974816591f269bb7d74aa1720922651529f3d3b2a787f5c60b73e5a0384950a4>	True	True	14de eeuw, 15de eeuw, 17de eeuw, derde kwart 17de eeuw, derde kwart 18de eeuw, eerste kwart 19de eeuw, tweede kwart 13de eeuw	Inventarisatie bouwkundig erfgoed Aalst, Inventarisatie orgels	Bouwkundig	Agentschap Onroerend Erfgoed
316	Pastorie Sint-Margarethaparochie met tuin	<http://data.lblod.info/id/werkingsgebieden/a9a0cabd376a2b3a8eb838f15f6aeb1b63ffe49d527598994962e0d15ad2081c>	<http://data.lblod.info/id/bestuurseenheden/974816591f269bb7d74aa1720922651529f3d3b2a787f5c60b73e5a0384950a4>	True	True	derde kwart 18de eeuw	Aanvullen informatie tuinen en parken in bestaande objecten, Inventarisatie bouwkundig erfgoed Aalst, Project beschermingsdatabank 2013-2016	Bouwkundig, Landschappelijk	Agentschap Onroerend Erfgoed
317	Semigesloten hoeve Hof ter Linde	<http://data.lblod.info/id/werkingsgebieden/a9a0cabd376a2b3a8eb838f15f6aeb1b63ffe49d527598994962e0d15ad2081c>	<http://data.lblod.info/id/bestuurseenheden/974816591f269bb7d74aa1720922651529f3d3b2a787f5c60b73e5a0384950a4>	False	False	eerste kwart 19de eeuw	Inventarisatie bouwkundig erfgoed Aalst	Bouwkundig	Agentschap Onroerend Erfgoed
318	Dorpswoning	<http://data.lblod.info/id/werkingsgebieden/a9a0cabd376a2b3a8eb838f15f6aeb1b63ffe49d527598994962e0d15ad2081c>	<http://data.lblod.info/id/bestuurseenheden/974816591f269bb7d74aa1720922651529f3d3b2a787f5c60b73e5a0384950a4>	False	False	19de eeuw	Inventarisatie bouwkundig erfgoed Aalst	Bouwkundig	Agentschap Onroerend Erfgoed
150	Hoekpand	<http://data.lblod.info/id/werkingsgebieden/a9a0cabd376a2b3a8eb838f15f6aeb1b63ffe49d527598994962e0d15ad2081c>	<http://data.lblod.info/id/bestuurseenheden/974816591f269bb7d74aa1720922651529f3d3b2a787f5c60b73e5a0384950a4>	False	False	tweede helft 19de eeuw	Inventarisatie bouwkundig erfgoed Aalst	Bouwkundig	Agentschap Onroerend Erfgoed
228	Kapel Sint-Antonius van Padua	<http://data.lblod.info/id/werkingsgebieden/a9a0cabd376a2b3a8eb838f15f6aeb1b63ffe49d527598994962e0d15ad2081c>	<http://data.lblod.info/id/bestuurseenheden/974816591f269bb7d74aa1720922651529f3d3b2a787f5c60b73e5a0384950a4>	True	True	derde kwart 19de eeuw	Inventarisatie bouwkundig erfgoed Aalst	Bouwkundig	Agentschap Onroerend Erfgoed
229	Herenhuis van 1878	<http://data.lblod.info/id/werkingsgebieden/a9a0cabd376a2b3a8eb838f15f6aeb1b63ffe49d527598994962e0d15ad2081c>	<http://data.lblod.info/id/bestuurseenheden/974816591f269bb7d74aa1720922651529f3d3b2a787f5c60b73e5a0384950a4>	True	False	vierde kwart 19de eeuw	Inventarisatie bouwkundig erfgoed Aalst	Bouwkundig	Agentschap Onroerend Erfgoed
227	Begijnhofkerk Sint-Catharina	<http://data.lblod.info/id/werkingsgebieden/a9a0cabd376a2b3a8eb838f15f6aeb1b63ffe49d527598994962e0d15ad2081c>	<http://data.lblod.info/id/bestuurseenheden/974816591f269bb7d74aa1720922651529f3d3b2a787f5c60b73e5a0384950a4>	True	True	vierde kwart 18de eeuw	Inventarisatie bouwkundig erfgoed Aalst	Bouwkundig	Agentschap Onroerend Erfgoed
230	Twee neotraditionele huizen	<http://data.lblod.info/id/werkingsgebieden/a9a0cabd376a2b3a8eb838f15f6aeb1b63ffe49d527598994962e0d15ad2081c>	<http://data.lblod.info/id/bestuurseenheden/974816591f269bb7d74aa1720922651529f3d3b2a787f5c60b73e5a0384950a4>	True	False	na WO II	Inventarisatie bouwkundig erfgoed Aalst	Bouwkundig	Agentschap Onroerend Erfgoed
307758	Hof te Eksel	<http://data.lblod.info/id/werkingsgebieden/a9a0cabd376a2b3a8eb838f15f6aeb1b63ffe49d527598994962e0d15ad2081c>	<http://data.lblod.info/id/bestuurseenheden/974816591f269bb7d74aa1720922651529f3d3b2a787f5c60b73e5a0384950a4>	False	False	late middeleeuwen, middeleeuwen	AZ-project: omzetten oude dossiers, Syntheseonderzoek mottekastelen	Archeologisch	Agentschap Onroerend Erfgoed
472	Pastorie Sint-Martinusparochie met tuin	<http://data.lblod.info/id/werkingsgebieden/a9a0cabd376a2b3a8eb838f15f6aeb1b63ffe49d527598994962e0d15ad2081c>	<http://data.lblod.info/id/bestuurseenheden/974816591f269bb7d74aa1720922651529f3d3b2a787f5c60b73e5a0384950a4>	True	True	19de eeuw, tweede helft 18de eeuw	Aanvullen informatie tuinen en parken in bestaande objecten, Inventarisatie bouwkundig erfgoed Aalst, Project beschermingsdatabank 2013-2016	Bouwkundig, Landschappelijk	Agentschap Onroerend Erfgoed
474	Burgerhuis	<http://data.lblod.info/id/werkingsgebieden/a9a0cabd376a2b3a8eb838f15f6aeb1b63ffe49d527598994962e0d15ad2081c>	<http://data.lblod.info/id/bestuurseenheden/974816591f269bb7d74aa1720922651529f3d3b2a787f5c60b73e5a0384950a4>	True	False	19de eeuw	Inventarisatie bouwkundig erfgoed Aalst	Bouwkundig	Agentschap Onroerend Erfgoed
475	Dorpswoning	<http://data.lblod.info/id/werkingsgebieden/a9a0cabd376a2b3a8eb838f15f6aeb1b63ffe49d527598994962e0d15ad2081c>	<http://data.lblod.info/id/bestuurseenheden/974816591f269bb7d74aa1720922651529f3d3b2a787f5c60b73e5a0384950a4>	False	False	19de eeuw, tweede helft 18de eeuw	Inventarisatie bouwkundig erfgoed Aalst	Bouwkundig	Agentschap Onroerend Erfgoed
477	Hoeve	<http://data.lblod.info/id/werkingsgebieden/a9a0cabd376a2b3a8eb838f15f6aeb1b63ffe49d527598994962e0d15ad2081c>	<http://data.lblod.info/id/bestuurseenheden/974816591f269bb7d74aa1720922651529f3d3b2a787f5c60b73e5a0384950a4>	False	False	19de eeuw	Inventarisatie bouwkundig erfgoed Aalst	Bouwkundig	Agentschap Onroerend Erfgoed
473	Tweewoonst	<http://data.lblod.info/id/werkingsgebieden/a9a0cabd376a2b3a8eb838f15f6aeb1b63ffe49d527598994962e0d15ad2081c>	<http://data.lblod.info/id/bestuurseenheden/974816591f269bb7d74aa1720922651529f3d3b2a787f5c60b73e5a0384950a4>	False	False	19de eeuw	Inventarisatie bouwkundig erfgoed Aalst	Bouwkundig	Agentschap Onroerend Erfgoed
476	Boerenarbeiderswoning	<http://data.lblod.info/id/werkingsgebieden/a9a0cabd376a2b3a8eb838f15f6aeb1b63ffe49d527598994962e0d15ad2081c>	<http://data.lblod.info/id/bestuurseenheden/974816591f269bb7d74aa1720922651529f3d3b2a787f5c60b73e5a0384950a4>	True	False	vierde kwart 19de eeuw	Inventarisatie bouwkundig erfgoed Aalst	Bouwkundig	Agentschap Onroerend Erfgoed
130408	Geschoren taxussen op het kerkhof van Hofstade	<http://data.lblod.info/id/werkingsgebieden/a9a0cabd376a2b3a8eb838f15f6aeb1b63ffe49d527598994962e0d15ad2081c>	<http://data.lblod.info/id/bestuurseenheden/974816591f269bb7d74aa1720922651529f3d3b2a787f5c60b73e5a0384950a4>	False	False	Onbepaald	Inventarisatie houtige beplantingen 2005-2013	Landschappelijk	Agentschap Onroerend Erfgoed
76227	Textielbedrijf La Couverture	<http://data.lblod.info/id/werkingsgebieden/a9a0cabd376a2b3a8eb838f15f6aeb1b63ffe49d527598994962e0d15ad2081c>	<http://data.lblod.info/id/bestuurseenheden/974816591f269bb7d74aa1720922651529f3d3b2a787f5c60b73e5a0384950a4>	False	False	Onbepaald	Inventarisatie bouwkundig erfgoed Aalst	Bouwkundig	Agentschap Onroerend Erfgoed
6	Reeks arbeiderswoningen	<http://data.lblod.info/id/werkingsgebieden/a9a0cabd376a2b3a8eb838f15f6aeb1b63ffe49d527598994962e0d15ad2081c>	<http://data.lblod.info/id/bestuurseenheden/974816591f269bb7d74aa1720922651529f3d3b2a787f5c60b73e5a0384950a4>	False	False	eerste kwart 19de eeuw	Inventarisatie bouwkundig erfgoed Aalst	Bouwkundig	Agentschap Onroerend Erfgoed
130349	Moerbei in gewezen moestuin	<http://data.lblod.info/id/werkingsgebieden/a9a0cabd376a2b3a8eb838f15f6aeb1b63ffe49d527598994962e0d15ad2081c>	<http://data.lblod.info/id/bestuurseenheden/974816591f269bb7d74aa1720922651529f3d3b2a787f5c60b73e5a0384950a4>	False	False	Onbepaald	Inventarisatie houtige beplantingen 2005-2013	Landschappelijk	Agentschap Onroerend Erfgoed
130392	Knotbomenrij van haagbeuk en twee zwarte populieren	<http://data.lblod.info/id/werkingsgebieden/a9a0cabd376a2b3a8eb838f15f6aeb1b63ffe49d527598994962e0d15ad2081c>	<http://data.lblod.info/id/bestuurseenheden/974816591f269bb7d74aa1720922651529f3d3b2a787f5c60b73e5a0384950a4>	False	False         Onbepaald	Inventarisatie houtige beplantingen 2005-2013	Landschappelijk	Agentschap Onroerend Erfgoed
130395	Bomenrij van opgaande abelen, zwarte en Canadapopulieren	<http://data.lblod.info/id/werkingsgebieden/a9a0cabd376a2b3a8eb838f15f6aeb1b63ffe49d527598994962e0d15ad2081c>	<http://data.lblod.info/id/bestuurseenheden/974816591f269bb7d74aa1720922651529f3d3b2a787f5c60b73e5a0384950a4>	False	False         Onbepaald	Inventarisatie houtige beplantingen 2005-2013	Landschappelijk	Agentschap Onroerend Erfgoed
130403	Kaphaag van haagbeuk	<http://data.lblod.info/id/werkingsgebieden/a9a0cabd376a2b3a8eb838f15f6aeb1b63ffe49d527598994962e0d15ad2081c>	<http://data.lblod.info/id/bestuurseenheden/974816591f269bb7d74aa1720922651529f3d3b2a787f5c60b73e5a0384950a4>	False	False         Onbepaald	Inventarisatie houtige beplantingen 2005-2013	Landschappelijk	Agentschap Onroerend Erfgoed
130404	Op stam gezette mispel	<http://data.lblod.info/id/werkingsgebieden/a9a0cabd376a2b3a8eb838f15f6aeb1b63ffe49d527598994962e0d15ad2081c>	<http://data.lblod.info/id/bestuurseenheden/974816591f269bb7d74aa1720922651529f3d3b2a787f5c60b73e5a0384950a4>	False	False         Onbepaald	Inventarisatie houtige beplantingen 2005-2013	Landschappelijk	Agentschap Onroerend Erfgoed
499	Semi-gesloten hoeve	<http://data.lblod.info/id/werkingsgebieden/a9a0cabd376a2b3a8eb838f15f6aeb1b63ffe49d527598994962e0d15ad2081c>	<http://data.lblod.info/id/bestuurseenheden/974816591f269bb7d74aa1720922651529f3d3b2a787f5c60b73e5a0384950a4>	False	False	18de eeuw	Inventarisatie bouwkundig erfgoed Aalst	Bouwkundig	Agentschap Onroerend Erfgoed
500	Boerenhuisje	<http://data.lblod.info/id/werkingsgebieden/a9a0cabd376a2b3a8eb838f15f6aeb1b63ffe49d527598994962e0d15ad2081c>	<http://data.lblod.info/id/bestuurseenheden/974816591f269bb7d74aa1720922651529f3d3b2a787f5c60b73e5a0384950a4>	False	False	18de eeuw	Inventarisatie bouwkundig erfgoed Aalst	Bouwkundig	Agentschap Onroerend Erfgoed
501	Boerenhuis	<http://data.lblod.info/id/werkingsgebieden/a9a0cabd376a2b3a8eb838f15f6aeb1b63ffe49d527598994962e0d15ad2081c>	<http://data.lblod.info/id/bestuurseenheden/974816591f269bb7d74aa1720922651529f3d3b2a787f5c60b73e5a0384950a4>	False	False	19de eeuw	Inventarisatie bouwkundig erfgoed Aalst	Bouwkundig	Agentschap Onroerend Erfgoed
502	Boerenwoning gedateerd 1773	<http://data.lblod.info/id/werkingsgebieden/a9a0cabd376a2b3a8eb838f15f6aeb1b63ffe49d527598994962e0d15ad2081c>	<http://data.lblod.info/id/bestuurseenheden/974816591f269bb7d74aa1720922651529f3d3b2a787f5c60b73e5a0384950a4>	True	False	derde kwart 18de eeuw	Inventarisatie bouwkundig erfgoed Aalst	Bouwkundig	Agentschap Onroerend Erfgoed
503	Boerenhuisje gedateerd 1760	<http://data.lblod.info/id/werkingsgebieden/a9a0cabd376a2b3a8eb838f15f6aeb1b63ffe49d527598994962e0d15ad2081c>	<http://data.lblod.info/id/bestuurseenheden/974816591f269bb7d74aa1720922651529f3d3b2a787f5c60b73e5a0384950a4>	False	False	derde kwart 18de eeuw	Inventarisatie bouwkundig erfgoed Aalst	Bouwkundig	Agentschap Onroerend Erfgoed
400	Kapel Onze-Lieve-Vrouw van Zeven Weeën	<http://data.lblod.info/id/werkingsgebieden/a9a0cabd376a2b3a8eb838f15f6aeb1b63ffe49d527598994962e0d15ad2081c>	<http://data.lblod.info/id/bestuurseenheden/974816591f269bb7d74aa1720922651529f3d3b2a787f5c60b73e5a0384950a4>	True	False	derde kwart 19de eeuw	Inventarisatie bouwkundig erfgoed Aalst	Bouwkundig	Agentschap Onroerend Erfgoed
398	Hoeve Overmolen	<http://data.lblod.info/id/werkingsgebieden/a9a0cabd376a2b3a8eb838f15f6aeb1b63ffe49d527598994962e0d15ad2081c>	<http://data.lblod.info/id/bestuurseenheden/974816591f269bb7d74aa1720922651529f3d3b2a787f5c60b73e5a0384950a4>	True	False	eerste helft 18de eeuw, eerste kwart 19de eeuw, tweede helft 18de eeuw	Inventarisatie bouwkundig erfgoed Aalst	Bouwkundig	Agentschap Onroerend Erfgoed
399	Reeks arbeidershuizen	<http://data.lblod.info/id/werkingsgebieden/a9a0cabd376a2b3a8eb838f15f6aeb1b63ffe49d527598994962e0d15ad2081c>	<http://data.lblod.info/id/bestuurseenheden/974816591f269bb7d74aa1720922651529f3d3b2a787f5c60b73e5a0384950a4>	False	False	19de eeuw	Inventarisatie bouwkundig erfgoed Aalst	Bouwkundig	Agentschap Onroerend Erfgoed
401	Hoeve	<http://data.lblod.info/id/werkingsgebieden/a9a0cabd376a2b3a8eb838f15f6aeb1b63ffe49d527598994962e0d15ad2081c>	<http://data.lblod.info/id/bestuurseenheden/974816591f269bb7d74aa1720922651529f3d3b2a787f5c60b73e5a0384950a4>	False	False	derde kwart 19de eeuw	Inventarisatie bouwkundig erfgoed Aalst	Bouwkundig	Agentschap Onroerend Erfgoed
308039	Geknotte populier als hoekboom	<http://data.lblod.info/id/werkingsgebieden/a9a0cabd376a2b3a8eb838f15f6aeb1b63ffe49d527598994962e0d15ad2081c>	<http://data.lblod.info/id/bestuurseenheden/974816591f269bb7d74aa1720922651529f3d3b2a787f5c60b73e5a0384950a4>	False	False         Onbepaald	Ad hoc-inventarisatie landschappelijk erfgoed 2020	Landschappelijk	Agentschap Onroerend Erfgoed
161	Distillerie et Malterie Le Lion d'Or	<http://data.lblod.info/id/werkingsgebieden/a9a0cabd376a2b3a8eb838f15f6aeb1b63ffe49d527598994962e0d15ad2081c>	<http://data.lblod.info/id/bestuurseenheden/974816591f269bb7d74aa1720922651529f3d3b2a787f5c60b73e5a0384950a4>	False	False	tweede kwart 19de eeuw	Inventarisatie bouwkundig erfgoed Aalst	Bouwkundig	Agentschap Onroerend Erfgoed
162	Rij arbeiderswoningen	<http://data.lblod.info/id/werkingsgebieden/a9a0cabd376a2b3a8eb838f15f6aeb1b63ffe49d527598994962e0d15ad2081c>	<http://data.lblod.info/id/bestuurseenheden/974816591f269bb7d74aa1720922651529f3d3b2a787f5c60b73e5a0384950a4>	False	False	eerste helft 19de eeuw	Inventarisatie bouwkundig erfgoed Aalst	Bouwkundig	Agentschap Onroerend Erfgoed
308036	Gekandelaarde zwarte populier als hoekboom	<http://data.lblod.info/id/werkingsgebieden/a9a0cabd376a2b3a8eb838f15f6aeb1b63ffe49d527598994962e0d15ad2081c>	<http://data.lblod.info/id/bestuurseenheden/974816591f269bb7d74aa1720922651529f3d3b2a787f5c60b73e5a0384950a4>	False	False         Onbepaald	Ad hoc-inventarisatie landschappelijk erfgoed 2020	Landschappelijk	Agentschap Onroerend Erfgoed
378	Kapel Onze-Lieve-Vrouw van Altijddurende Bijstand	<http://data.lblod.info/id/werkingsgebieden/a9a0cabd376a2b3a8eb838f15f6aeb1b63ffe49d527598994962e0d15ad2081c>	<http://data.lblod.info/id/bestuurseenheden/974816591f269bb7d74aa1720922651529f3d3b2a787f5c60b73e5a0384950a4>	True	True	vierde kwart 19de eeuw	Inventarisatie bouwkundig erfgoed Aalst, Project beschermingsdatabank 2013-2016	Bouwkundig	Agentschap Onroerend Erfgoed
379	Gesloten hoeve	<http://data.lblod.info/id/werkingsgebieden/a9a0cabd376a2b3a8eb838f15f6aeb1b63ffe49d527598994962e0d15ad2081c>	<http://data.lblod.info/id/bestuurseenheden/974816591f269bb7d74aa1720922651529f3d3b2a787f5c60b73e5a0384950a4>	True	False	19de eeuw	Inventarisatie bouwkundig erfgoed Aalst	Bouwkundig	Agentschap Onroerend Erfgoed
412	Sint-Annakapel	<http://data.lblod.info/id/werkingsgebieden/a9a0cabd376a2b3a8eb838f15f6aeb1b63ffe49d527598994962e0d15ad2081c>	<http://data.lblod.info/id/bestuurseenheden/974816591f269bb7d74aa1720922651529f3d3b2a787f5c60b73e5a0384950a4>	True	False	tweede kwart 18de eeuw	Inventarisatie bouwkundig erfgoed Aalst	Bouwkundig	Agentschap Onroerend Erfgoed
166	Domein Ronsevaal	<http://data.lblod.info/id/werkingsgebieden/a9a0cabd376a2b3a8eb838f15f6aeb1b63ffe49d527598994962e0d15ad2081c>	<http://data.lblod.info/id/bestuurseenheden/974816591f269bb7d74aa1720922651529f3d3b2a787f5c60b73e5a0384950a4>	True	True	interbellum, na WO II, vierde kwart 19de eeuw	Inventarisatie bouwkundig erfgoed Aalst, Project beschermingsdatabank 2013-2016	Bouwkundig, Landschappelijk	Agentschap Onroerend Erfgoed
