id	naam	locatie	provincie	gemeente	is_vastgesteld	is_beschermd	datering	gebeurtenissen	disciplines	dataverantwoordelijke
99018	Nautil	Onbepaald	Onbepaald	Onbepaald	False	False	interbellum	Inventarisatie varend erfgoed fase I	Varend	Agentschap Onroerend Erfgoed
99063	P904 Sambre	Onbepaald	Onbepaald	Onbepaald	True	False	na WO II	Inventarisatie varend erfgoed fase I	Varend	Agentschap Onroerend Erfgoed
99087	SeaSens	Onbepaald	Onbepaald	Onbepaald	True	False	interbellum	Inventarisatie varend erfgoed fase I	Varend	Agentschap Onroerend Erfgoed
99091	Avila	Onbepaald	Onbepaald	Onbepaald	True	False	na WO II	Inventarisatie varend erfgoed fase I	Varend	Agentschap Onroerend Erfgoed
99104	Mattheus	Onbepaald	Onbepaald	Onbepaald	True	False	interbellum	Inventarisatie varend erfgoed fase I	Varend	Agentschap Onroerend Erfgoed
99105	Maaike	Onbepaald	Onbepaald	Onbepaald	False	False	voor WO I	Inventarisatie varend erfgoed fase I	Varend	Agentschap Onroerend Erfgoed
99107	Willebroek	Onbepaald	Onbepaald	Onbepaald	False	False	na WO II	Inventarisatie varend erfgoed fase I	Varend	Agentschap Onroerend Erfgoed
99166	L'Enfant Gâté	Onbepaald	Onbepaald	Onbepaald	False	False	na WO II	Inventarisatie varend erfgoed fase I	Varend	Agentschap Onroerend Erfgoed
307863	Picora	Onbepaald	Onbepaald	Onbepaald	False	False	voor WO I	Onderzoeksproject sleep- en werkschepen	Varend	Agentschap Onroerend Erfgoed
99187	Motorspits Esmeralda	Aalst (Oost-Vlaanderen)	<http://data.lblod.info/id/werkingsgebieden/a9a0cabd376a2b3a8eb838f15f6aeb1b63ffe49d527598994962e0d15ad2081c>	<http://data.lblod.info/id/bestuurseenheden/974816591f269bb7d74aa1720922651529f3d3b2a787f5c60b73e5a0384950a4>	True	True	WO II	Ad hoc beschermingen 2022, Inventarisatie varend erfgoed fase I	Varend	Agentschap Onroerend Erfgoed
84	Heilige Geestkapel	't Maegelijnplein 1, Kattestraat 32-34 (Aalst)	<http://data.lblod.info/id/werkingsgebieden/a9a0cabd376a2b3a8eb838f15f6aeb1b63ffe49d527598994962e0d15ad2081c>	<http://data.lblod.info/id/bestuurseenheden/974816591f269bb7d74aa1720922651529f3d3b2a787f5c60b73e5a0384950a4>	True	True	derde kwart 15de eeuw, voor WO I	Actualisatie inventaris bouwkundig erfgoed, Inventarisatie bouwkundig erfgoed Aalst, Project beschermingsdatabank 2013-2016	Bouwkundig	Agentschap Onroerend Erfgoed
135205	Honegem - Solegem	Aalst, Hofstade (Aalst), Erpe (Erpe-Mere), Lede (Lede)	<http://data.lblod.info/id/werkingsgebieden/a9a0cabd376a2b3a8eb838f15f6aeb1b63ffe49d527598994962e0d15ad2081c>	<http://data.lblod.info/id/bestuurseenheden/974816591f269bb7d74aa1720922651529f3d3b2a787f5c60b73e5a0384950a4>, <http://data.lblod.info/id/bestuurseenheden/d9267014daa2764a9edd3b176678b56f57474ffe162363795690e5c684c6eab1>, <http://data.lblod.info/id/bestuurseenheden/17e71437ad9e1abbfd416b7bcb1485c0e6e21ac4f65f2a1584eb0985e246b1c9>	False	True	19de eeuw, tweede helft 18de eeuw	Inventarisatie ankerplaatsen Landschapsatlas 2001, Project beschermingsdatabank 2013-2016	Landschappelijk	Agentschap Onroerend Erfgoed
135392	Kluisbos, Faluintjes en Abdij van Affligem	Aalst, Erembodegem, Meldert, Moorsel (Aalst), Hekelgem (Affligem)	<http://data.lblod.info/id/werkingsgebieden/a9a0cabd376a2b3a8eb838f15f6aeb1b63ffe49d527598994962e0d15ad2081c>, <http://data.lblod.info/id/werkingsgebieden/60a52229c92c1407e0549a573f820fb8a1f9fab5c82654b4b3493bc81be365de>	<http://data.lblod.info/id/bestuurseenheden/974816591f269bb7d74aa1720922651529f3d3b2a787f5c60b73e5a0384950a4>, <http://data.lblod.info/id/bestuurseenheden/011a6ad0efca0b7e03ca9b99bd6c636a26cbde49aa0d6844b9ebc434dc58216c>	True	True		Aanduiding ankerplaatsen 2006-2014, Integreren informatie beschermingen landschap in erfgoedobjecten, Inventarisatie ankerplaatsen Landschapsatlas 2001	Landschappelijk	Agentschap Onroerend Erfgoed
140017	Historische stadskern van Aalst	Aalst (Aalst)	<http://data.lblod.info/id/werkingsgebieden/a9a0cabd376a2b3a8eb838f15f6aeb1b63ffe49d527598994962e0d15ad2081c>	<http://data.lblod.info/id/bestuurseenheden/974816591f269bb7d74aa1720922651529f3d3b2a787f5c60b73e5a0384950a4>	True	False	middeleeuwen, nieuwe tijd	AZ-project historische stadskernen	Archeologisch	Agentschap Onroerend Erfgoed
301912	Opgaande zilverlinde in stadstuin	Aalst (Aalst)	<http://data.lblod.info/id/werkingsgebieden/a9a0cabd376a2b3a8eb838f15f6aeb1b63ffe49d527598994962e0d15ad2081c>	<http://data.lblod.info/id/bestuurseenheden/974816591f269bb7d74aa1720922651529f3d3b2a787f5c60b73e5a0384950a4>	False	False		Ad hoc-inventarisatie landschappelijk erfgoed 2015	Landschappelijk	Agentschap Onroerend Erfgoed
135121	Kravaalbos en omgeving	Baardegem, Meldert (Aalst), Asse (Asse), Mazenzele, Opwijk (Opwijk)	<http://data.lblod.info/id/werkingsgebieden/a9a0cabd376a2b3a8eb838f15f6aeb1b63ffe49d527598994962e0d15ad2081c>, <http://data.lblod.info/id/werkingsgebieden/60a52229c92c1407e0549a573f820fb8a1f9fab5c82654b4b3493bc81be365de>	<http://data.lblod.info/id/bestuurseenheden/974816591f269bb7d74aa1720922651529f3d3b2a787f5c60b73e5a0384950a4>, <http://data.lblod.info/id/bestuurseenheden/0d2e643f4635d2b4d2fc75241a1624013b274c7ffbe8f8a5f36f2bf250336863>, <http://data.lblod.info/id/bestuurseenheden/929c049597e4961ea84051927af6be67062da4fc8ed9b755fc33b1597b8cdc7c>	False	True	middeleeuwen	Inventarisatie ankerplaatsen Landschapsatlas 2001, Project beschermingsdatabank 2013-2016	Landschappelijk	Agentschap Onroerend Erfgoed
300522	Geknotte zomereik als hoekboom	Baardegem (Aalst)	<http://data.lblod.info/id/werkingsgebieden/a9a0cabd376a2b3a8eb838f15f6aeb1b63ffe49d527598994962e0d15ad2081c>	<http://data.lblod.info/id/bestuurseenheden/974816591f269bb7d74aa1720922651529f3d3b2a787f5c60b73e5a0384950a4>	False	False		Project beschermingsdatabank 2013-2016	Landschappelijk	Agentschap Onroerend Erfgoed
135123	Welle- en Kapellemeersen	Erembodegem (Aalst), Hekelgem, Teralfene (Affligem), Denderleeuw, Welle (Denderleeuw)	<http://data.lblod.info/id/werkingsgebieden/a9a0cabd376a2b3a8eb838f15f6aeb1b63ffe49d527598994962e0d15ad2081c>, <http://data.lblod.info/id/werkingsgebieden/60a52229c92c1407e0549a573f820fb8a1f9fab5c82654b4b3493bc81be365de>	<http://data.lblod.info/id/bestuurseenheden/974816591f269bb7d74aa1720922651529f3d3b2a787f5c60b73e5a0384950a4>, <http://data.lblod.info/id/bestuurseenheden/011a6ad0efca0b7e03ca9b99bd6c636a26cbde49aa0d6844b9ebc434dc58216c>, <http://data.lblod.info/id/bestuurseenheden/856cbc8af3fbe7390d43420e249c288596e87fbc069c601751d5c5fcd52c543b>	True	True		Inventarisatie ankerplaatsen Landschapsatlas 2001, Inventarisatie Dendervallei tussen Ninove en Geraardsbergen, Project beschermingsdatabank 2013-2016	Landschappelijk	Agentschap Onroerend Erfgoed
306461	Kapelboom in populierenbos	Erembodegem (Aalst)	<http://data.lblod.info/id/werkingsgebieden/a9a0cabd376a2b3a8eb838f15f6aeb1b63ffe49d527598994962e0d15ad2081c>	<http://data.lblod.info/id/bestuurseenheden/974816591f269bb7d74aa1720922651529f3d3b2a787f5c60b73e5a0384950a4>	True	False		Inventarisatie Dendervallei tussen Ninove en Geraardsbergen	Landschappelijk	Agentschap Onroerend Erfgoed
135206	Bellebroek en Dendermeersen tussen Oudegem en Wieze	Gijzegem, Herdersem (Aalst), Mespelare (Dendermonde), Denderbelle, Wieze (Lebbeke)	<http://data.lblod.info/id/werkingsgebieden/a9a0cabd376a2b3a8eb838f15f6aeb1b63ffe49d527598994962e0d15ad2081c>	<http://data.lblod.info/id/bestuurseenheden/974816591f269bb7d74aa1720922651529f3d3b2a787f5c60b73e5a0384950a4>, <http://data.lblod.info/id/bestuurseenheden/a605a770e69d0af2d501614a41b446c76328d2f32165be238458468fbd5f8b88>, <http://data.lblod.info/id/bestuurseenheden/a277d61f41cf0025df3e51df800c9551a27c80e2515c32aabbbbbc2c818852eb>	True	True		Inventarisatie ankerplaatsen Landschapsatlas 2001, Inventarisatie Dendervallei tussen Ninove en Geraardsbergen	Landschappelijk	Agentschap Onroerend Erfgoed
306454	Afgesneden Dendermeanders	Herdersem (Aalst)	<http://data.lblod.info/id/werkingsgebieden/a9a0cabd376a2b3a8eb838f15f6aeb1b63ffe49d527598994962e0d15ad2081c>	<http://data.lblod.info/id/bestuurseenheden/974816591f269bb7d74aa1720922651529f3d3b2a787f5c60b73e5a0384950a4>	True	False		Inventarisatie Dendervallei tussen Ninove en Geraardsbergen	Landschappelijk	Agentschap Onroerend Erfgoed
306455	Dorpswegel	Herdersem (Aalst), Wieze (Lebbeke)	<http://data.lblod.info/id/werkingsgebieden/a9a0cabd376a2b3a8eb838f15f6aeb1b63ffe49d527598994962e0d15ad2081c>	<http://data.lblod.info/id/bestuurseenheden/974816591f269bb7d74aa1720922651529f3d3b2a787f5c60b73e5a0384950a4>, <http://data.lblod.info/id/bestuurseenheden/a277d61f41cf0025df3e51df800c9551a27c80e2515c32aabbbbbc2c818852eb>	True	False		Inventarisatie Dendervallei tussen Ninove en Geraardsbergen	Landschappelijk	Agentschap Onroerend Erfgoed
76439	Gesloten hoeve	Hofstade (Aalst)	<http://data.lblod.info/id/werkingsgebieden/a9a0cabd376a2b3a8eb838f15f6aeb1b63ffe49d527598994962e0d15ad2081c>	<http://data.lblod.info/id/bestuurseenheden/974816591f269bb7d74aa1720922651529f3d3b2a787f5c60b73e5a0384950a4>	False	False	vierde kwart 19de eeuw	Inventarisatie bouwkundig erfgoed Aalst	Bouwkundig	Agentschap Onroerend Erfgoed
301846	Opgaande es als hoekboom bij gewezen moestuin	Nieuwerkerken (Aalst)	<http://data.lblod.info/id/werkingsgebieden/a9a0cabd376a2b3a8eb838f15f6aeb1b63ffe49d527598994962e0d15ad2081c>	<http://data.lblod.info/id/bestuurseenheden/974816591f269bb7d74aa1720922651529f3d3b2a787f5c60b73e5a0384950a4>	False	False		Ad hoc-inventarisatie landschappelijk erfgoed 2015	Landschappelijk	Agentschap Onroerend Erfgoed
130032	Gekandelaarde rij zwarte populieren Achtermaal Maleveld	Achtermaal, Maleveld (Aalst)	<http://data.lblod.info/id/werkingsgebieden/a9a0cabd376a2b3a8eb838f15f6aeb1b63ffe49d527598994962e0d15ad2081c>	<http://data.lblod.info/id/bestuurseenheden/974816591f269bb7d74aa1720922651529f3d3b2a787f5c60b73e5a0384950a4>	False	True		Inventarisatie houtige beplantingen 2005-2013	Landschappelijk	Agentschap Onroerend Erfgoed
130035	Solitaire gekandelaarde zwarte populier Achtermaal Maleveld	Achtermaal, Maleveld (Aalst)	<http://data.lblod.info/id/werkingsgebieden/a9a0cabd376a2b3a8eb838f15f6aeb1b63ffe49d527598994962e0d15ad2081c>	<http://data.lblod.info/id/bestuurseenheden/974816591f269bb7d74aa1720922651529f3d3b2a787f5c60b73e5a0384950a4>	False	False		Inventarisatie houtige beplantingen 2005-2013	Landschappelijk	Agentschap Onroerend Erfgoed
130036	Gekandelaarde winterlinde als kapel- en hoekboom	Achtermaal, Maleveld (Aalst)	<http://data.lblod.info/id/werkingsgebieden/a9a0cabd376a2b3a8eb838f15f6aeb1b63ffe49d527598994962e0d15ad2081c>	<http://data.lblod.info/id/bestuurseenheden/974816591f269bb7d74aa1720922651529f3d3b2a787f5c60b73e5a0384950a4>	False	True		Inventarisatie houtige beplantingen 2005-2013	Landschappelijk	Agentschap Onroerend Erfgoed
130037	Opgaande Canadapopulier als hoekboom	Achtermaal, Maleveld (Aalst)	<http://data.lblod.info/id/werkingsgebieden/a9a0cabd376a2b3a8eb838f15f6aeb1b63ffe49d527598994962e0d15ad2081c>	<http://data.lblod.info/id/bestuurseenheden/974816591f269bb7d74aa1720922651529f3d3b2a787f5c60b73e5a0384950a4>	False	True		Inventarisatie houtige beplantingen 2005-2013	Landschappelijk	Agentschap Onroerend Erfgoed
130038	Haagbeuken kaphaag	Achtermaal, Maleveld (Aalst)	<http://data.lblod.info/id/werkingsgebieden/a9a0cabd376a2b3a8eb838f15f6aeb1b63ffe49d527598994962e0d15ad2081c>	<http://data.lblod.info/id/bestuurseenheden/974816591f269bb7d74aa1720922651529f3d3b2a787f5c60b73e5a0384950a4>	False	True		Inventarisatie houtige beplantingen 2005-2013	Landschappelijk	Agentschap Onroerend Erfgoed
130199	Opgaande schietwilg als hoekboom	Achtermaal, Maleveld (Aalst)	<http://data.lblod.info/id/werkingsgebieden/a9a0cabd376a2b3a8eb838f15f6aeb1b63ffe49d527598994962e0d15ad2081c>	<http://data.lblod.info/id/bestuurseenheden/974816591f269bb7d74aa1720922651529f3d3b2a787f5c60b73e5a0384950a4>	False	True		Inventarisatie houtige beplantingen 2005-2013	Landschappelijk	Agentschap Onroerend Erfgoed
130200	Opgaande Canadapopulier als hoekboom	Achtermaal, Maleveld (Aalst)	<http://data.lblod.info/id/werkingsgebieden/a9a0cabd376a2b3a8eb838f15f6aeb1b63ffe49d527598994962e0d15ad2081c>	<http://data.lblod.info/id/bestuurseenheden/974816591f269bb7d74aa1720922651529f3d3b2a787f5c60b73e5a0384950a4>	False	True		Inventarisatie houtige beplantingen 2005-2013	Landschappelijk	Agentschap Onroerend Erfgoed
130391	Opgaande grauwe abeel	Achtermaal, Maleveld (Aalst)	<http://data.lblod.info/id/werkingsgebieden/a9a0cabd376a2b3a8eb838f15f6aeb1b63ffe49d527598994962e0d15ad2081c>	<http://data.lblod.info/id/bestuurseenheden/974816591f269bb7d74aa1720922651529f3d3b2a787f5c60b73e5a0384950a4>	False	False		Inventarisatie houtige beplantingen 2005-2013	Landschappelijk	Agentschap Onroerend Erfgoed
492	Villa bij jeneverstokerij	Achtermaal 16 (Aalst)	<http://data.lblod.info/id/werkingsgebieden/a9a0cabd376a2b3a8eb838f15f6aeb1b63ffe49d527598994962e0d15ad2081c>	<http://data.lblod.info/id/bestuurseenheden/974816591f269bb7d74aa1720922651529f3d3b2a787f5c60b73e5a0384950a4>	True	False	voor WO I	Inventarisatie bouwkundig erfgoed Aalst	Bouwkundig	Agentschap Onroerend Erfgoed
130348	Opgaande winterlinde als welkomstboom	Achtermaal 29 (Aalst)	<http://data.lblod.info/id/werkingsgebieden/a9a0cabd376a2b3a8eb838f15f6aeb1b63ffe49d527598994962e0d15ad2081c>	<http://data.lblod.info/id/bestuurseenheden/974816591f269bb7d74aa1720922651529f3d3b2a787f5c60b73e5a0384950a4>	False	False		Inventarisatie houtige beplantingen 2005-2013	Landschappelijk	Agentschap Onroerend Erfgoed
132131	Op stam gezette gele kornoelje	Achtermaal 29 (Aalst)	<http://data.lblod.info/id/werkingsgebieden/a9a0cabd376a2b3a8eb838f15f6aeb1b63ffe49d527598994962e0d15ad2081c>	<http://data.lblod.info/id/bestuurseenheden/974816591f269bb7d74aa1720922651529f3d3b2a787f5c60b73e5a0384950a4>	False	False		Inventarisatie houtige beplantingen 2005-2013	Landschappelijk	Agentschap Onroerend Erfgoed
491	Gesloten hoeve	Achtermaal 7 (Aalst)	<http://data.lblod.info/id/werkingsgebieden/a9a0cabd376a2b3a8eb838f15f6aeb1b63ffe49d527598994962e0d15ad2081c>	<http://data.lblod.info/id/bestuurseenheden/974816591f269bb7d74aa1720922651529f3d3b2a787f5c60b73e5a0384950a4>	False	False	19de eeuw	Inventarisatie bouwkundig erfgoed Aalst	Bouwkundig	Agentschap Onroerend Erfgoed
2	Eclectische herenhuizen	Albert Liénartstraat 1-2, 3 (Aalst)	<http://data.lblod.info/id/werkingsgebieden/a9a0cabd376a2b3a8eb838f15f6aeb1b63ffe49d527598994962e0d15ad2081c>	<http://data.lblod.info/id/bestuurseenheden/974816591f269bb7d74aa1720922651529f3d3b2a787f5c60b73e5a0384950a4>	False	False	derde kwart 19de eeuw	Inventarisatie bouwkundig erfgoed Aalst	Bouwkundig	Agentschap Onroerend Erfgoed
4	Rij burgerhuizen	Albert Liénartstraat 8-30 (Aalst)	<http://data.lblod.info/id/werkingsgebieden/a9a0cabd376a2b3a8eb838f15f6aeb1b63ffe49d527598994962e0d15ad2081c>	<http://data.lblod.info/id/bestuurseenheden/974816591f269bb7d74aa1720922651529f3d3b2a787f5c60b73e5a0384950a4>	True	False	vierde kwart 19de eeuw	Inventarisatie bouwkundig erfgoed Aalst	Bouwkundig	Agentschap Onroerend Erfgoed
373	Sacristie en kerkhof van de gesloopte Onze-Lieve-Vrouw Hemelvaartkerk	Alfons De Cockstraat (Aalst)	<http://data.lblod.info/id/werkingsgebieden/a9a0cabd376a2b3a8eb838f15f6aeb1b63ffe49d527598994962e0d15ad2081c>	<http://data.lblod.info/id/bestuurseenheden/974816591f269bb7d74aa1720922651529f3d3b2a787f5c60b73e5a0384950a4>	True	True	vierde kwart 18de eeuw, vierde kwart 20ste eeuw	Inventarisatie bouwkundig erfgoed Aalst, Project beschermingsdatabank 2013-2016	Bouwkundig	Agentschap Onroerend Erfgoed
374	Grafkapel van de familie Van Assche	Alfons De Cockstraat (Aalst)	<http://data.lblod.info/id/werkingsgebieden/a9a0cabd376a2b3a8eb838f15f6aeb1b63ffe49d527598994962e0d15ad2081c>	<http://data.lblod.info/id/bestuurseenheden/974816591f269bb7d74aa1720922651529f3d3b2a787f5c60b73e5a0384950a4>	False	False	eerste kwart 19de eeuw	Inventarisatie bouwkundig erfgoed Aalst	Bouwkundig	Agentschap Onroerend Erfgoed
376	Boerenwoning van 1765	Alfons De Cockstraat 61 (Aalst)	<http://data.lblod.info/id/werkingsgebieden/a9a0cabd376a2b3a8eb838f15f6aeb1b63ffe49d527598994962e0d15ad2081c>	<http://data.lblod.info/id/bestuurseenheden/974816591f269bb7d74aa1720922651529f3d3b2a787f5c60b73e5a0384950a4>	False	False	19de eeuw, 20ste eeuw, derde kwart 18de eeuw	Inventarisatie bouwkundig erfgoed Aalst	Bouwkundig	Agentschap Onroerend Erfgoed
375	Hoeve met losse bestanddelen	Alfons De Cockstraat 8 (Aalst)	<http://data.lblod.info/id/werkingsgebieden/a9a0cabd376a2b3a8eb838f15f6aeb1b63ffe49d527598994962e0d15ad2081c>	<http://data.lblod.info/id/bestuurseenheden/974816591f269bb7d74aa1720922651529f3d3b2a787f5c60b73e5a0384950a4>	False	False	tweede helft 18de eeuw	Inventarisatie bouwkundig erfgoed Aalst	Bouwkundig	Agentschap Onroerend Erfgoed
377	Gesloten hoeve	Alfons De Cockstraat 81 (Aalst)	<http://data.lblod.info/id/werkingsgebieden/a9a0cabd376a2b3a8eb838f15f6aeb1b63ffe49d527598994962e0d15ad2081c>	<http://data.lblod.info/id/bestuurseenheden/974816591f269bb7d74aa1720922651529f3d3b2a787f5c60b73e5a0384950a4>	False	False	tweede helft 18de eeuw	Inventarisatie bouwkundig erfgoed Aalst	Bouwkundig	Agentschap Onroerend Erfgoed
135233	Osbroek	Alfons Van de Maelestraat, Erembodegemstraat, Frans Blanckaertdreef, Groenenbrielstraat, Kapellekensbaan, Orangeriestraat, Parklaan, Rooms-Hofstraat (Aalst)	<http://data.lblod.info/id/werkingsgebieden/a9a0cabd376a2b3a8eb838f15f6aeb1b63ffe49d527598994962e0d15ad2081c>	<http://data.lblod.info/id/bestuurseenheden/974816591f269bb7d74aa1720922651529f3d3b2a787f5c60b73e5a0384950a4>	False	True		Inventarisatie ankerplaatsen Landschapsatlas 2001, Project beschermingsdatabank 2013-2016	Landschappelijk	Agentschap Onroerend Erfgoed
130406	Moerascipres Osbroekpark	Alfons Van de Maelestraat 96 (Aalst)	<http://data.lblod.info/id/werkingsgebieden/a9a0cabd376a2b3a8eb838f15f6aeb1b63ffe49d527598994962e0d15ad2081c>	<http://data.lblod.info/id/bestuurseenheden/974816591f269bb7d74aa1720922651529f3d3b2a787f5c60b73e5a0384950a4>	False	False		Ad hoc-inventarisatie landschappelijk erfgoed 2015, Inventarisatie houtige beplantingen 2005-2013	Landschappelijk	Agentschap Onroerend Erfgoed
105	Pakhuis	Alfred Keldersstraat 30 (Aalst)	<http://data.lblod.info/id/werkingsgebieden/a9a0cabd376a2b3a8eb838f15f6aeb1b63ffe49d527598994962e0d15ad2081c>	<http://data.lblod.info/id/bestuurseenheden/974816591f269bb7d74aa1720922651529f3d3b2a787f5c60b73e5a0384950a4>	False	False	vierde kwart 19de eeuw	Inventarisatie bouwkundig erfgoed Aalst	Bouwkundig	Agentschap Onroerend Erfgoed
127179	Sociale woonwijk Oud Begijnhof	Anna Snelstraat 3-17, Begijnhof 1-52, 53, Pontstraat 50-56, 50B (Aalst)	<http://data.lblod.info/id/werkingsgebieden/a9a0cabd376a2b3a8eb838f15f6aeb1b63ffe49d527598994962e0d15ad2081c>	<http://data.lblod.info/id/bestuurseenheden/974816591f269bb7d74aa1720922651529f3d3b2a787f5c60b73e5a0384950a4>	True	True	13de eeuw, interbellum, na WO II, tweede helft 19de eeuw	Inventarisatie bouwkundig erfgoed Aalst, Inventarisatie sociale woningbouw	Bouwkundig	Agentschap Onroerend Erfgoed
301021	Keizersplein met deel aanpalende bebouwing	Arbeidstraat, Boterstraat, Keizersplein, Korte Nieuwstraat, Nieuwstraat (Aalst)	<http://data.lblod.info/id/werkingsgebieden/a9a0cabd376a2b3a8eb838f15f6aeb1b63ffe49d527598994962e0d15ad2081c>	<http://data.lblod.info/id/bestuurseenheden/974816591f269bb7d74aa1720922651529f3d3b2a787f5c60b73e5a0384950a4>	True	True	19de eeuw, vierde kwart 18de eeuw	Project beschermingsdatabank 2013-2016	Bouwkundig	Agentschap Onroerend Erfgoed
5	Eclectisch hoekhuis	Arbeidstraat 2 (Aalst)	<http://data.lblod.info/id/werkingsgebieden/a9a0cabd376a2b3a8eb838f15f6aeb1b63ffe49d527598994962e0d15ad2081c>	<http://data.lblod.info/id/bestuurseenheden/974816591f269bb7d74aa1720922651529f3d3b2a787f5c60b73e5a0384950a4>	True	True	vierde kwart 19de eeuw, voor WO I	Inventarisatie bouwkundig erfgoed Aalst	Bouwkundig	Agentschap Onroerend Erfgoed
455	Langgestrekte hoeve	Avouéstraat 5 (Aalst)	<http://data.lblod.info/id/werkingsgebieden/a9a0cabd376a2b3a8eb838f15f6aeb1b63ffe49d527598994962e0d15ad2081c>	<http://data.lblod.info/id/bestuurseenheden/974816591f269bb7d74aa1720922651529f3d3b2a787f5c60b73e5a0384950a4>	True	False	vierde kwart 19de eeuw	Inventarisatie bouwkundig erfgoed Aalst	Bouwkundig	Agentschap Onroerend Erfgoed
456	Dorpswoning	Avouéstraat 9 (Aalst)	<http://data.lblod.info/id/werkingsgebieden/a9a0cabd376a2b3a8eb838f15f6aeb1b63ffe49d527598994962e0d15ad2081c>	<http://data.lblod.info/id/bestuurseenheden/974816591f269bb7d74aa1720922651529f3d3b2a787f5c60b73e5a0384950a4>	True	False	vierde kwart 19de eeuw	Inventarisatie bouwkundig erfgoed Aalst	Bouwkundig	Agentschap Onroerend Erfgoed
309	Sint-Margrietommegang	Baardegem-Dorp, Bieseweide, Houwelgat (Aalst)	<http://data.lblod.info/id/werkingsgebieden/a9a0cabd376a2b3a8eb838f15f6aeb1b63ffe49d527598994962e0d15ad2081c>	<http://data.lblod.info/id/bestuurseenheden/974816591f269bb7d74aa1720922651529f3d3b2a787f5c60b73e5a0384950a4>	True	False	derde kwart 19de eeuw, tweede kwart 19de eeuw	Inventarisatie bouwkundig erfgoed Aalst	Bouwkundig	Agentschap Onroerend Erfgoed
310	Boerenwoning	Baardegem-Dorp 1 (Aalst)	<http://data.lblod.info/id/werkingsgebieden/a9a0cabd376a2b3a8eb838f15f6aeb1b63ffe49d527598994962e0d15ad2081c>	<http://data.lblod.info/id/bestuurseenheden/974816591f269bb7d74aa1720922651529f3d3b2a787f5c60b73e5a0384950a4>	False	False	tweede helft 19de eeuw	Inventarisatie bouwkundig erfgoed Aalst	Bouwkundig	Agentschap Onroerend Erfgoed
311	Gesloten hoeve	Baardegem-Dorp 23 (Aalst)	<http://data.lblod.info/id/werkingsgebieden/a9a0cabd376a2b3a8eb838f15f6aeb1b63ffe49d527598994962e0d15ad2081c>	<http://data.lblod.info/id/bestuurseenheden/974816591f269bb7d74aa1720922651529f3d3b2a787f5c60b73e5a0384950a4>	True	False	derde kwart 19de eeuw	Inventarisatie bouwkundig erfgoed Aalst	Bouwkundig	Agentschap Onroerend Erfgoed
312	Gesloten hoeve	Baardegem-Dorp 26 (Aalst)	<http://data.lblod.info/id/werkingsgebieden/a9a0cabd376a2b3a8eb838f15f6aeb1b63ffe49d527598994962e0d15ad2081c>	<http://data.lblod.info/id/bestuurseenheden/974816591f269bb7d74aa1720922651529f3d3b2a787f5c60b73e5a0384950a4>	False	False	derde kwart 19de eeuw	Inventarisatie bouwkundig erfgoed Aalst	Bouwkundig	Agentschap Onroerend Erfgoed
313	Burgerhuis	Baardegem-Dorp 29 (Aalst)	<http://data.lblod.info/id/werkingsgebieden/a9a0cabd376a2b3a8eb838f15f6aeb1b63ffe49d527598994962e0d15ad2081c>	<http://data.lblod.info/id/bestuurseenheden/974816591f269bb7d74aa1720922651529f3d3b2a787f5c60b73e5a0384950a4>	False	False	derde kwart 19de eeuw, tweede kwart 19de eeuw	Inventarisatie bouwkundig erfgoed Aalst	Bouwkundig	Agentschap Onroerend Erfgoed
314	Semi-gesloten hoeve	Baardegem-Dorp 42 (Aalst)	<http://data.lblod.info/id/werkingsgebieden/a9a0cabd376a2b3a8eb838f15f6aeb1b63ffe49d527598994962e0d15ad2081c>	<http://data.lblod.info/id/bestuurseenheden/974816591f269bb7d74aa1720922651529f3d3b2a787f5c60b73e5a0384950a4>	False	False	19de eeuw, derde kwart 18de eeuw	Inventarisatie bouwkundig erfgoed Aalst	Bouwkundig	Agentschap Onroerend Erfgoed
315	Gasthof Vonck	Baardegem-Dorp 43 (Aalst)	<http://data.lblod.info/id/werkingsgebieden/a9a0cabd376a2b3a8eb838f15f6aeb1b63ffe49d527598994962e0d15ad2081c>	<http://data.lblod.info/id/bestuurseenheden/974816591f269bb7d74aa1720922651529f3d3b2a787f5c60b73e5a0384950a4>	False	False		Inventarisatie bouwkundig erfgoed Aalst	Bouwkundig	Agentschap Onroerend Erfgoed
308	Parochiekerk Sint-Margaretha met kerkhof	Baardegem-Dorp 43A (Aalst)	<http://data.lblod.info/id/werkingsgebieden/a9a0cabd376a2b3a8eb838f15f6aeb1b63ffe49d527598994962e0d15ad2081c>	<http://data.lblod.info/id/bestuurseenheden/974816591f269bb7d74aa1720922651529f3d3b2a787f5c60b73e5a0384950a4>	True	True	14de eeuw, 15de eeuw, 17de eeuw, derde kwart 17de eeuw, derde kwart 18de eeuw, eerste kwart 19de eeuw, tweede kwart 13de eeuw	Inventarisatie bouwkundig erfgoed Aalst, Inventarisatie orgels 	Bouwkundig	Agentschap Onroerend Erfgoed
316	Pastorie Sint-Margarethaparochie met tuin	Baardegem-Dorp 48 (Aalst)	<http://data.lblod.info/id/werkingsgebieden/a9a0cabd376a2b3a8eb838f15f6aeb1b63ffe49d527598994962e0d15ad2081c>	<http://data.lblod.info/id/bestuurseenheden/974816591f269bb7d74aa1720922651529f3d3b2a787f5c60b73e5a0384950a4>	True	True	derde kwart 18de eeuw	Aanvullen informatie tuinen en parken in bestaande objecten, Inventarisatie bouwkundig erfgoed Aalst, Project beschermingsdatabank 2013-2016	Bouwkundig, Landschappelijk	Agentschap Onroerend Erfgoed
317	Semigesloten hoeve Hof ter Linde	Baardegem-Dorp 52, 52A-C (Aalst)	<http://data.lblod.info/id/werkingsgebieden/a9a0cabd376a2b3a8eb838f15f6aeb1b63ffe49d527598994962e0d15ad2081c>	<http://data.lblod.info/id/bestuurseenheden/974816591f269bb7d74aa1720922651529f3d3b2a787f5c60b73e5a0384950a4>	False	False	eerste kwart 19de eeuw	Inventarisatie bouwkundig erfgoed Aalst	Bouwkundig	Agentschap Onroerend Erfgoed
318	Dorpswoning	Baardegem-Dorp 64 (Aalst)	<http://data.lblod.info/id/werkingsgebieden/a9a0cabd376a2b3a8eb838f15f6aeb1b63ffe49d527598994962e0d15ad2081c>	<http://data.lblod.info/id/bestuurseenheden/974816591f269bb7d74aa1720922651529f3d3b2a787f5c60b73e5a0384950a4>	False	False	19de eeuw	Inventarisatie bouwkundig erfgoed Aalst	Bouwkundig	Agentschap Onroerend Erfgoed
150	Hoekpand	Bauwensplein 10 (Aalst)	<http://data.lblod.info/id/werkingsgebieden/a9a0cabd376a2b3a8eb838f15f6aeb1b63ffe49d527598994962e0d15ad2081c>	<http://data.lblod.info/id/bestuurseenheden/974816591f269bb7d74aa1720922651529f3d3b2a787f5c60b73e5a0384950a4>	False	False	tweede helft 19de eeuw	Inventarisatie bouwkundig erfgoed Aalst	Bouwkundig	Agentschap Onroerend Erfgoed
228	Kapel Sint-Antonius van Padua	Begijnhof (Aalst)	<http://data.lblod.info/id/werkingsgebieden/a9a0cabd376a2b3a8eb838f15f6aeb1b63ffe49d527598994962e0d15ad2081c>	<http://data.lblod.info/id/bestuurseenheden/974816591f269bb7d74aa1720922651529f3d3b2a787f5c60b73e5a0384950a4>	True	True	derde kwart 19de eeuw	Inventarisatie bouwkundig erfgoed Aalst	Bouwkundig	Agentschap Onroerend Erfgoed
229	Herenhuis van 1878	Begijnhof 1 (Aalst)	<http://data.lblod.info/id/werkingsgebieden/a9a0cabd376a2b3a8eb838f15f6aeb1b63ffe49d527598994962e0d15ad2081c>	<http://data.lblod.info/id/bestuurseenheden/974816591f269bb7d74aa1720922651529f3d3b2a787f5c60b73e5a0384950a4>	True	False	vierde kwart 19de eeuw	Inventarisatie bouwkundig erfgoed Aalst	Bouwkundig	Agentschap Onroerend Erfgoed
227	Begijnhofkerk Sint-Catharina	Begijnhof 40A (Aalst)	<http://data.lblod.info/id/werkingsgebieden/a9a0cabd376a2b3a8eb838f15f6aeb1b63ffe49d527598994962e0d15ad2081c>	<http://data.lblod.info/id/bestuurseenheden/974816591f269bb7d74aa1720922651529f3d3b2a787f5c60b73e5a0384950a4>	True	True	vierde kwart 18de eeuw	Inventarisatie bouwkundig erfgoed Aalst	Bouwkundig	Agentschap Onroerend Erfgoed
230	Twee neotraditionele huizen	Begijnhof 41-42 (Aalst)	<http://data.lblod.info/id/werkingsgebieden/a9a0cabd376a2b3a8eb838f15f6aeb1b63ffe49d527598994962e0d15ad2081c>	<http://data.lblod.info/id/bestuurseenheden/974816591f269bb7d74aa1720922651529f3d3b2a787f5c60b73e5a0384950a4>	True	False	na WO II	Inventarisatie bouwkundig erfgoed Aalst	Bouwkundig	Agentschap Onroerend Erfgoed
307758	Hof te Eksel 	Bergsken, Koebrugstraat, Pachting (Aalst)	<http://data.lblod.info/id/werkingsgebieden/a9a0cabd376a2b3a8eb838f15f6aeb1b63ffe49d527598994962e0d15ad2081c>	<http://data.lblod.info/id/bestuurseenheden/974816591f269bb7d74aa1720922651529f3d3b2a787f5c60b73e5a0384950a4>	False	False	late middeleeuwen, middeleeuwen	AZ-project: omzetten oude dossiers, Syntheseonderzoek mottekastelen	Archeologisch	Agentschap Onroerend Erfgoed
472	Pastorie Sint-Martinusparochie met tuin	Bergsken 1, 1A (Aalst)	<http://data.lblod.info/id/werkingsgebieden/a9a0cabd376a2b3a8eb838f15f6aeb1b63ffe49d527598994962e0d15ad2081c>	<http://data.lblod.info/id/bestuurseenheden/974816591f269bb7d74aa1720922651529f3d3b2a787f5c60b73e5a0384950a4>	True	True	19de eeuw, tweede helft 18de eeuw	Aanvullen informatie tuinen en parken in bestaande objecten, Inventarisatie bouwkundig erfgoed Aalst, Project beschermingsdatabank 2013-2016	Bouwkundig, Landschappelijk	Agentschap Onroerend Erfgoed
474	Burgerhuis	Bergsken 20 (Aalst)	<http://data.lblod.info/id/werkingsgebieden/a9a0cabd376a2b3a8eb838f15f6aeb1b63ffe49d527598994962e0d15ad2081c>	<http://data.lblod.info/id/bestuurseenheden/974816591f269bb7d74aa1720922651529f3d3b2a787f5c60b73e5a0384950a4>	True	False	19de eeuw	Inventarisatie bouwkundig erfgoed Aalst	Bouwkundig	Agentschap Onroerend Erfgoed
475	Dorpswoning	Bergsken 28 (Aalst)	<http://data.lblod.info/id/werkingsgebieden/a9a0cabd376a2b3a8eb838f15f6aeb1b63ffe49d527598994962e0d15ad2081c>	<http://data.lblod.info/id/bestuurseenheden/974816591f269bb7d74aa1720922651529f3d3b2a787f5c60b73e5a0384950a4>	False	False	19de eeuw, tweede helft 18de eeuw	Inventarisatie bouwkundig erfgoed Aalst	Bouwkundig	Agentschap Onroerend Erfgoed
477	Hoeve	Bergsken 36 (Aalst)	<http://data.lblod.info/id/werkingsgebieden/a9a0cabd376a2b3a8eb838f15f6aeb1b63ffe49d527598994962e0d15ad2081c>	<http://data.lblod.info/id/bestuurseenheden/974816591f269bb7d74aa1720922651529f3d3b2a787f5c60b73e5a0384950a4>	False	False	19de eeuw	Inventarisatie bouwkundig erfgoed Aalst	Bouwkundig	Agentschap Onroerend Erfgoed
473	Tweewoonst	Bergsken 4-6 (Aalst)	<http://data.lblod.info/id/werkingsgebieden/a9a0cabd376a2b3a8eb838f15f6aeb1b63ffe49d527598994962e0d15ad2081c>	<http://data.lblod.info/id/bestuurseenheden/974816591f269bb7d74aa1720922651529f3d3b2a787f5c60b73e5a0384950a4>	False	False	19de eeuw	Inventarisatie bouwkundig erfgoed Aalst	Bouwkundig	Agentschap Onroerend Erfgoed
476	Boerenarbeiderswoning	Bergsken 48 (Aalst)	<http://data.lblod.info/id/werkingsgebieden/a9a0cabd376a2b3a8eb838f15f6aeb1b63ffe49d527598994962e0d15ad2081c>	<http://data.lblod.info/id/bestuurseenheden/974816591f269bb7d74aa1720922651529f3d3b2a787f5c60b73e5a0384950a4>	True	False	vierde kwart 19de eeuw	Inventarisatie bouwkundig erfgoed Aalst	Bouwkundig	Agentschap Onroerend Erfgoed
130408	Geschoren taxussen op het kerkhof van Hofstade	Bergweg, Hofstade-Dorp (Aalst)	<http://data.lblod.info/id/werkingsgebieden/a9a0cabd376a2b3a8eb838f15f6aeb1b63ffe49d527598994962e0d15ad2081c>	<http://data.lblod.info/id/bestuurseenheden/974816591f269bb7d74aa1720922651529f3d3b2a787f5c60b73e5a0384950a4>	False	False		Inventarisatie houtige beplantingen 2005-2013	Landschappelijk	Agentschap Onroerend Erfgoed
76227	Textielbedrijf La Couverture	Bert Van Hoorickstraat 39-41 (Aalst)	<http://data.lblod.info/id/werkingsgebieden/a9a0cabd376a2b3a8eb838f15f6aeb1b63ffe49d527598994962e0d15ad2081c>	<http://data.lblod.info/id/bestuurseenheden/974816591f269bb7d74aa1720922651529f3d3b2a787f5c60b73e5a0384950a4>	False	False		Inventarisatie bouwkundig erfgoed Aalst	Bouwkundig	Agentschap Onroerend Erfgoed
6	Reeks arbeiderswoningen	Biekorfstraat 2-8 (Aalst)	<http://data.lblod.info/id/werkingsgebieden/a9a0cabd376a2b3a8eb838f15f6aeb1b63ffe49d527598994962e0d15ad2081c>	<http://data.lblod.info/id/bestuurseenheden/974816591f269bb7d74aa1720922651529f3d3b2a787f5c60b73e5a0384950a4>	False	False	eerste kwart 19de eeuw	Inventarisatie bouwkundig erfgoed Aalst	Bouwkundig	Agentschap Onroerend Erfgoed
130349	Moerbei in gewezen moestuin	Blauwenbergstraat (Aalst)	<http://data.lblod.info/id/werkingsgebieden/a9a0cabd376a2b3a8eb838f15f6aeb1b63ffe49d527598994962e0d15ad2081c>	<http://data.lblod.info/id/bestuurseenheden/974816591f269bb7d74aa1720922651529f3d3b2a787f5c60b73e5a0384950a4>	False	False		Inventarisatie houtige beplantingen 2005-2013	Landschappelijk	Agentschap Onroerend Erfgoed
130392	Knotbomenrij van haagbeuk en twee zwarte populieren	Blauwenbergstraat (Aalst)	<http://data.lblod.info/id/werkingsgebieden/a9a0cabd376a2b3a8eb838f15f6aeb1b63ffe49d527598994962e0d15ad2081c>	<http://data.lblod.info/id/bestuurseenheden/974816591f269bb7d74aa1720922651529f3d3b2a787f5c60b73e5a0384950a4>	False	False		Inventarisatie houtige beplantingen 2005-2013	Landschappelijk	Agentschap Onroerend Erfgoed
130395	Bomenrij van opgaande abelen, zwarte en Canadapopulieren	Blauwenbergstraat (Aalst)	<http://data.lblod.info/id/werkingsgebieden/a9a0cabd376a2b3a8eb838f15f6aeb1b63ffe49d527598994962e0d15ad2081c>	<http://data.lblod.info/id/bestuurseenheden/974816591f269bb7d74aa1720922651529f3d3b2a787f5c60b73e5a0384950a4>	False	False		Inventarisatie houtige beplantingen 2005-2013	Landschappelijk	Agentschap Onroerend Erfgoed
130403	Kaphaag van haagbeuk	Blauwenbergstraat (Aalst)	<http://data.lblod.info/id/werkingsgebieden/a9a0cabd376a2b3a8eb838f15f6aeb1b63ffe49d527598994962e0d15ad2081c>	<http://data.lblod.info/id/bestuurseenheden/974816591f269bb7d74aa1720922651529f3d3b2a787f5c60b73e5a0384950a4>	False	False		Inventarisatie houtige beplantingen 2005-2013	Landschappelijk	Agentschap Onroerend Erfgoed
130404	Op stam gezette mispel	Blauwenbergstraat (Aalst)	<http://data.lblod.info/id/werkingsgebieden/a9a0cabd376a2b3a8eb838f15f6aeb1b63ffe49d527598994962e0d15ad2081c>	<http://data.lblod.info/id/bestuurseenheden/974816591f269bb7d74aa1720922651529f3d3b2a787f5c60b73e5a0384950a4>	False	False		Inventarisatie houtige beplantingen 2005-2013	Landschappelijk	Agentschap Onroerend Erfgoed
499	Semi-gesloten hoeve	Blauwenbergstraat 1 (Aalst)	<http://data.lblod.info/id/werkingsgebieden/a9a0cabd376a2b3a8eb838f15f6aeb1b63ffe49d527598994962e0d15ad2081c>	<http://data.lblod.info/id/bestuurseenheden/974816591f269bb7d74aa1720922651529f3d3b2a787f5c60b73e5a0384950a4>	False	False	18de eeuw	Inventarisatie bouwkundig erfgoed Aalst	Bouwkundig	Agentschap Onroerend Erfgoed
500	Boerenhuisje	Blauwenbergstraat 2 (Aalst)	<http://data.lblod.info/id/werkingsgebieden/a9a0cabd376a2b3a8eb838f15f6aeb1b63ffe49d527598994962e0d15ad2081c>	<http://data.lblod.info/id/bestuurseenheden/974816591f269bb7d74aa1720922651529f3d3b2a787f5c60b73e5a0384950a4>	False	False	18de eeuw	Inventarisatie bouwkundig erfgoed Aalst	Bouwkundig	Agentschap Onroerend Erfgoed
501	Boerenhuis	Blauwenbergstraat 24 (Aalst)	<http://data.lblod.info/id/werkingsgebieden/a9a0cabd376a2b3a8eb838f15f6aeb1b63ffe49d527598994962e0d15ad2081c>	<http://data.lblod.info/id/bestuurseenheden/974816591f269bb7d74aa1720922651529f3d3b2a787f5c60b73e5a0384950a4>	False	False	19de eeuw	Inventarisatie bouwkundig erfgoed Aalst	Bouwkundig	Agentschap Onroerend Erfgoed
502	Boerenwoning gedateerd 1773	Blauwenbergstraat 75 (Aalst)	<http://data.lblod.info/id/werkingsgebieden/a9a0cabd376a2b3a8eb838f15f6aeb1b63ffe49d527598994962e0d15ad2081c>	<http://data.lblod.info/id/bestuurseenheden/974816591f269bb7d74aa1720922651529f3d3b2a787f5c60b73e5a0384950a4>	True	False	derde kwart 18de eeuw	Inventarisatie bouwkundig erfgoed Aalst	Bouwkundig	Agentschap Onroerend Erfgoed
503	Boerenhuisje gedateerd 1760	Blauwenbergstraat 77 (Aalst)	<http://data.lblod.info/id/werkingsgebieden/a9a0cabd376a2b3a8eb838f15f6aeb1b63ffe49d527598994962e0d15ad2081c>	<http://data.lblod.info/id/bestuurseenheden/974816591f269bb7d74aa1720922651529f3d3b2a787f5c60b73e5a0384950a4>	False	False	derde kwart 18de eeuw	Inventarisatie bouwkundig erfgoed Aalst	Bouwkundig	Agentschap Onroerend Erfgoed
400	Kapel Onze-Lieve-Vrouw van Zeven Weeën	Blektestraat (Aalst)	<http://data.lblod.info/id/werkingsgebieden/a9a0cabd376a2b3a8eb838f15f6aeb1b63ffe49d527598994962e0d15ad2081c>	<http://data.lblod.info/id/bestuurseenheden/974816591f269bb7d74aa1720922651529f3d3b2a787f5c60b73e5a0384950a4>	True	False	derde kwart 19de eeuw	Inventarisatie bouwkundig erfgoed Aalst	Bouwkundig	Agentschap Onroerend Erfgoed
398	Hoeve Overmolen	Blektestraat 79, 79A (Aalst)	<http://data.lblod.info/id/werkingsgebieden/a9a0cabd376a2b3a8eb838f15f6aeb1b63ffe49d527598994962e0d15ad2081c>	<http://data.lblod.info/id/bestuurseenheden/974816591f269bb7d74aa1720922651529f3d3b2a787f5c60b73e5a0384950a4>	True	False	eerste helft 18de eeuw, eerste kwart 19de eeuw, tweede helft 18de eeuw	Inventarisatie bouwkundig erfgoed Aalst	Bouwkundig	Agentschap Onroerend Erfgoed
399	Reeks arbeidershuizen	Blektestraat 87-89 (Aalst)	<http://data.lblod.info/id/werkingsgebieden/a9a0cabd376a2b3a8eb838f15f6aeb1b63ffe49d527598994962e0d15ad2081c>	<http://data.lblod.info/id/bestuurseenheden/974816591f269bb7d74aa1720922651529f3d3b2a787f5c60b73e5a0384950a4>	False	False	19de eeuw	Inventarisatie bouwkundig erfgoed Aalst	Bouwkundig	Agentschap Onroerend Erfgoed
401	Hoeve	Blektestraat 89 (Aalst)	<http://data.lblod.info/id/werkingsgebieden/a9a0cabd376a2b3a8eb838f15f6aeb1b63ffe49d527598994962e0d15ad2081c>	<http://data.lblod.info/id/bestuurseenheden/974816591f269bb7d74aa1720922651529f3d3b2a787f5c60b73e5a0384950a4>	False	False	derde kwart 19de eeuw	Inventarisatie bouwkundig erfgoed Aalst	Bouwkundig	Agentschap Onroerend Erfgoed
308039	Geknotte populier als hoekboom	Borreput 10 (Aalst)	<http://data.lblod.info/id/werkingsgebieden/a9a0cabd376a2b3a8eb838f15f6aeb1b63ffe49d527598994962e0d15ad2081c>	<http://data.lblod.info/id/bestuurseenheden/974816591f269bb7d74aa1720922651529f3d3b2a787f5c60b73e5a0384950a4>	False	False		Ad hoc-inventarisatie landschappelijk erfgoed 2020	Landschappelijk	Agentschap Onroerend Erfgoed
161	Distillerie et Malterie Le Lion d'Or	Bredestraat 154 (Aalst)	<http://data.lblod.info/id/werkingsgebieden/a9a0cabd376a2b3a8eb838f15f6aeb1b63ffe49d527598994962e0d15ad2081c>	<http://data.lblod.info/id/bestuurseenheden/974816591f269bb7d74aa1720922651529f3d3b2a787f5c60b73e5a0384950a4>	False	False	tweede kwart 19de eeuw	Inventarisatie bouwkundig erfgoed Aalst	Bouwkundig	Agentschap Onroerend Erfgoed
162	Rij arbeiderswoningen	Bredestraat 389-393 (Aalst)	<http://data.lblod.info/id/werkingsgebieden/a9a0cabd376a2b3a8eb838f15f6aeb1b63ffe49d527598994962e0d15ad2081c>	<http://data.lblod.info/id/bestuurseenheden/974816591f269bb7d74aa1720922651529f3d3b2a787f5c60b73e5a0384950a4>	False	False	eerste helft 19de eeuw	Inventarisatie bouwkundig erfgoed Aalst	Bouwkundig	Agentschap Onroerend Erfgoed
308036	Gekandelaarde zwarte populier als hoekboom 	Bremtstraat 133 (Aalst)	<http://data.lblod.info/id/werkingsgebieden/a9a0cabd376a2b3a8eb838f15f6aeb1b63ffe49d527598994962e0d15ad2081c>	<http://data.lblod.info/id/bestuurseenheden/974816591f269bb7d74aa1720922651529f3d3b2a787f5c60b73e5a0384950a4>	False	False		Ad hoc-inventarisatie landschappelijk erfgoed 2020	Landschappelijk	Agentschap Onroerend Erfgoed
378	Kapel Onze-Lieve-Vrouw van Altijddurende Bijstand	Broekstraat (Aalst)	<http://data.lblod.info/id/werkingsgebieden/a9a0cabd376a2b3a8eb838f15f6aeb1b63ffe49d527598994962e0d15ad2081c>	<http://data.lblod.info/id/bestuurseenheden/974816591f269bb7d74aa1720922651529f3d3b2a787f5c60b73e5a0384950a4>	True	True	vierde kwart 19de eeuw	Inventarisatie bouwkundig erfgoed Aalst, Project beschermingsdatabank 2013-2016	Bouwkundig	Agentschap Onroerend Erfgoed
379	Gesloten hoeve	Broekstraat 1, 1A (Aalst)	<http://data.lblod.info/id/werkingsgebieden/a9a0cabd376a2b3a8eb838f15f6aeb1b63ffe49d527598994962e0d15ad2081c>	<http://data.lblod.info/id/bestuurseenheden/974816591f269bb7d74aa1720922651529f3d3b2a787f5c60b73e5a0384950a4>	True	False	19de eeuw	Inventarisatie bouwkundig erfgoed Aalst	Bouwkundig	Agentschap Onroerend Erfgoed
412	Sint-Annakapel	Brulken (Aalst)	<http://data.lblod.info/id/werkingsgebieden/a9a0cabd376a2b3a8eb838f15f6aeb1b63ffe49d527598994962e0d15ad2081c>	<http://data.lblod.info/id/bestuurseenheden/974816591f269bb7d74aa1720922651529f3d3b2a787f5c60b73e5a0384950a4>	True	False	tweede kwart 18de eeuw	Inventarisatie bouwkundig erfgoed Aalst	Bouwkundig	Agentschap Onroerend Erfgoed
166	Domein Ronsevaal	Brusselbaan 2, Brusselse steenweg 211-213 (Aalst)	<http://data.lblod.info/id/werkingsgebieden/a9a0cabd376a2b3a8eb838f15f6aeb1b63ffe49d527598994962e0d15ad2081c>	<http://data.lblod.info/id/bestuurseenheden/974816591f269bb7d74aa1720922651529f3d3b2a787f5c60b73e5a0384950a4>	True	True	interbellum, na WO II, vierde kwart 19de eeuw	Inventarisatie bouwkundig erfgoed Aalst, Project beschermingsdatabank 2013-2016	Bouwkundig, Landschappelijk	Agentschap Onroerend Erfgoed
